user_id,sex,bdate,city
31115,1,20.2.1986,Москва
133727,1,27.1.1986,Москва
174259,1,16.4.1989,Москва
416658,1,30.5.1988,Москва
478629,1,14.8.1989,Москва
548787,1,9.1.1989,Москва
648060,1,4.11.1988,Москва
659824,1,20.6.1987,Москва
788132,1,12.2.1989,Москва
799423,1,2.11.1982,Unknown
810717,1,23.10.1986,Москва
885517,1,23.10.1990,Москва
913318,1,17.4.1988,Москва
929483,1,20.9.1990,Москва
939206,1,18.11.1986,Москва
982880,1,13.1.1988,Москва
1099272,1,2.1.1991,Москва
1114549,1,26.11.1987,Москва
1192302,1,13.8.1986,Москва
1207129,1,23.7.1990,Москва
1248799,1,17.11.1990,Unknown
1268958,1,1.4.1994,Москва
1344525,1,7.7.1985,Солнечногорск
1411915,1,22.6.1983,Москва
1453216,1,22.3.1981,Москва
1577160,1,24.12.1999,Unknown
1601341,1,7.10.1988,Москва
1677877,1,8.2.1983,Москва
1818252,1,22.5.1988,Москва
1837210,1,3.11.1985,Москва
1846278,1,20.11.1989,Москва
1873251,1,31.10.1993,Москва
1893602,1,15.4.1988,Москва
1913928,1,30.6.1988,Москва
1927125,1,11.1.1987,Москва
2048729,1,25.12.1991,Москва
2055102,1,14.11.1989,Москва
2072946,1,31.1.1988,Москва
2154369,1,24.4.1981,Москва
2209668,1,27.12.1989,Москва
2258683,1,10.11.1992,Москва
2341341,1,16.10.1987,Москва
2366125,1,22.5.1987,Москва
2408465,1,21.6.1991,Москва
2443556,1,4.12.2006,Москва
2506566,1,15.5.1989,Tarragona
2530519,1,19.7.1989,Сергиев Посад
2545120,1,28.8.1984,Москва
2568117,1,9.3.1981,Москва
2676460,1,5.5.1999,Москва
2722221,1,2.6.1987,Москва
2734960,1,15.1.1986,Москва
2754136,1,27.9.1992,Москва
2798534,1,23.12.1978,Москва
2898139,1,22.1.1991,Unknown
2930779,1,13.3.1990,Москва
2948989,1,22.3.1986,Москва
3072252,1,15.1.1986,Москва
3128372,1,30.4.1986,Москва
3157105,1,19.11.1984,Самара
3286861,1,5.6.1991,Unknown
3426191,1,6.9.1988,Москва
3507443,1,20.11.1988,Москва
3727156,1,5.4.1994,Москва
3759765,1,8.4.1989,Москва
3815841,1,5.12.1990,Москва
3819670,1,26.5.1992,Москва
3897007,1,1.8.1989,Москва
4109787,1,21.8.1989,Москва
4190141,1,24.2.1963,Москва
4250961,1,29.2.1988,Москва
4315055,1,26.6.1989,Петрозаводск
4591469,1,16.2.1990,Москва
4650917,1,4.7.1994,Москва
4701802,1,24.3.1984,Москва
4794438,1,20.12.1992,Москва
5145252,1,18.2.1990,Москва
5348370,1,27.11.1995,Москва
5475194,1,26.9.1902,Москва
5541127,1,11.5.1984,Москва
5600655,1,27.10.1990,Москва
5666845,1,6.6.1982,Москва
5739094,1,15.1.1986,Москва
5754842,1,25.10.1991,Unknown
5782206,1,24.4.1985,Москва
5818544,1,23.10.1990,Москва
6227575,1,29.11.1986,Смоленск
6227714,1,27.5.1996,Москва
6394325,1,12.8.1994,Москва
6535121,1,7.2.1987,Москва
6862549,1,3.5.1994,Москва
6883562,1,7.10.1996,Москва
7174823,1,5.8.1993,Москва
7267471,1,24.11.1994,Москва
7275301,1,5.4.1982,Unknown
7344264,1,28.10.1988,Москва
7474011,1,26.6.1993,Москва
7564077,1,10.5.1988,Москва
7613936,1,20.5.1985,Москва
7629154,1,16.6.1993,Unknown
7692159,1,31.7.1983,Москва
7798417,1,21.1.1986,Москва
7917149,1,27.6.1995,Москва
7923326,1,15.9.1994,Москва
7955297,1,20.11.1987,Москва
8024766,1,16.7.1994,Москва
8273544,1,25.5.1994,Москва
8456051,1,1.3.1995,Москва
8550417,2,25.6.1991,Псков
8840609,1,21.7.1994,Москва
9269762,1,10.9.1987,Москва
9390585,1,24.9.1992,Москва
9481466,1,30.3.1980,Москва
10006434,1,5.12.2006,Москва
10239748,1,19.3.1987,Железнодорожный
10426491,1,26.9.1993,Москва
10450156,1,9.12.1987,Москва
10548043,1,15.12.1993,Москва
10572767,1,28.6.1994,Москва
10625150,1,5.11.1993,Москва
10865338,1,16.8.1982,Москва
11089930,1,27.7.1995,Москва
11339504,1,3.1.1993,Москва
11440784,1,13.11.1989,Москва
11509897,1,2.12.1995,Москва
11628093,1,17.5.1989,Unknown
11708374,1,28.8.1996,Москва
11721435,1,21.2.1996,Москва
11801382,1,2.5.1988,Москва
11830175,1,31.3.1988,Москва
12429951,1,24.5.1983,Москва
12446616,1,23.12.1991,Москва
12623158,1,24.7.1996,Москва
12885640,1,4.11.1986,Unknown
13174167,1,6.3.1985,Москва
13517795,1,11.10.1996,Москва
13682578,1,18.7.1986,Москва
13709658,1,21.8.1973,Москва
13812293,1,14.4.1993,Москва
14297520,1,27.12.1990,Химки
14475332,1,26.6.1996,Черноголовка
14730534,1,19.5.1993,Москва
14735372,1,21.1.1991,Москва
14862125,1,23.10.1991,Москва
15451999,1,20.9.1991,Москва
15553188,1,5.11.1996,Unknown
15838947,1,2.2.1990,Москва
15916215,1,25.4.1986,Калининград
16044126,1,31.1.1991,Владивосток
16125457,1,20.11.1992,Москва
16202138,1,17.3.1992,Москва
16481212,1,6.6.1990,Москва
16558159,1,6.5.1993,Москва
17132197,1,4.3.1993,Москва
17684934,1,27.9.1996,Москва
17697658,1,24.9.1981,Москва
17754199,1,28.5.1988,Москва
18385016,1,9.6.1992,Москва
19044251,1,1.6.1992,Москва
19376971,1,27.7.1996,Unknown
19415048,1,2.6.1981,Москва
19759598,1,27.4.1991,Москва
19906324,1,23.1.1989,Москва
20023714,1,18.1.1994,Москва
20093649,1,28.4.1978,Москва
20321640,1,23.4.1993,Москва
20374948,1,17.2.1992,Казань
20557791,1,13.5.1994,Москва
20572000,1,5.10.1990,Красноярск
21133760,1,7.10.1959,Москва
21165228,1,1.11.1987,Москва
21323837,1,20.3.1993,Москва
21398853,1,10.9.1979,Unknown
21480796,1,10.7.1992,Москва
21521288,1,22.2.1988,Москва
21902148,1,25.8.1982,Одинцово
22033070,1,16.6.1996,Москва
22171091,1,23.5.1982,Москва
22612639,1,31.7.1988,Воронеж
23351880,1,27.2.1991,Москва
23369968,1,13.7.1980,Москва
24066285,1,20.7.1984,Москва
24098942,1,2.12.1993,Москва
24691988,1,9.11.1990,Москва
24701074,1,9.11.1992,Москва
24893687,1,5.8.1989,Москва
24956952,1,1.5.1996,Москва
25009794,1,28.10.1995,Красногорск
25047855,1,3.4.1990,Москва
25342703,1,10.11.1989,Москва
25626280,1,22.4.1997,Краснодар
25637847,1,22.4.1993,Москва
25851863,1,1.8.1992,Москва
25952681,1,2.6.1993,Unknown
26373932,1,15.3.1996,Москва
26532530,1,8.6.1990,Leipzig
26619873,1,28.4.1998,Москва
26668111,1,21.1.1992,Unknown
26940207,1,26.7.1983,Москва
27422289,1,22.4.1972,Москва
27447587,1,19.6.1998,Москва
28068386,1,12.7.1991,Москва
28095897,1,30.9.1994,Unknown
28162278,1,28.1.1994,Москва
28348703,1,10.4.1996,Москва
28631901,1,20.11.1990,Москва
28726345,1,12.5.1996,Unknown
29141584,1,21.1.1997,Unknown
29143112,1,2.8.1986,Москва
29290800,1,9.1.1993,Москва
29298986,1,26.6.1997,Руза
29413249,1,22.5.1994,Alicante
29799147,1,7.3.1986,Москва
30112630,1,5.3.1993,Пенза
30520139,1,20.3.1996,Москва
31131093,1,3.10.1995,Подольск
31282687,1,6.11.1997,Санкт-Петербург
31419339,1,30.1.1995,Москва
31807078,1,8.4.1990,Москва
31905022,1,1.3.1993,Москва
32043574,1,4.4.1987,Москва
32377150,1,13.10.1990,Владимир
32546828,1,31.7.1985,Москва
32882607,1,29.8.1998,Москва
32909873,1,14.8.1986,Москва
32996743,1,5.8.1992,Limassol
32998741,1,5.8.1996,Москва
33314335,2,16.9.1978,Москва
33554642,1,22.12.1993,Москва
33625163,1,16.7.1992,Москва
33865759,1,30.6.2001,Москва
33920640,1,1.6.1996,Москва
34196395,1,2.8.1994,Москва
34680986,1,27.2.1994,Москва
35398564,1,6.4.1998,Москва
36110593,1,9.11.1994,Москва
36255850,1,12.6.1997,Москва
36357850,1,7.8.1984,Мытищи
38334257,1,15.12.1999,Москва
38810210,1,16.6.1979,Люберцы
39028277,1,22.2.1984,Москва
39049786,1,10.10.1997,Москва
39632461,1,2.7.1994,Москва
40958482,1,5.5.1984,Тольятти
41108591,1,12.2.1997,Москва
41212127,1,19.1.1995,Москва
41250053,1,17.6.1970,Москва
41505569,1,9.2.1990,Москва
41690346,1,11.5.1997,Москва
43123372,1,1.5.1997,Москва
43545517,1,11.7.1985,Москва
44231929,1,20.3.1998,Unknown
44625985,1,18.4.1990,Ярославль
45497860,1,3.5.1995,Москва
45979430,1,30.10.2003,Санкт-Петербург
46195046,1,29.10.1993,Москва
46297494,1,2.11.1993,Montréal
47574979,1,16.7.1992,Москва
47615772,1,1.6.1985,Москва
47639099,1,22.8.1996,Москва
47651625,1,10.11.1998,Москва
47898185,1,13.5.1999,Москва
48045824,1,15.9.1993,Москва
48113594,1,26.3.1997,Москва
48567244,1,28.7.1997,Unknown
48828291,1,6.7.1998,Москва
49924927,1,14.6.1996,Москва
50052967,1,7.5.1996,Рязань
50119380,1,1.12.1994,Москва
50205005,1,29.9.1965,Москва
50688820,1,24.7.1987,Москва
51225977,1,1.1.1903,Unknown
52169280,1,31.1.1994,Unknown
52353994,1,25.6.1997,Berlin
52667997,1,15.11.1998,Москва
53039706,1,20.2.1999,Москва
54480889,1,3.1.1993,Москва
55066854,1,10.2.1994,Москва
55069524,1,1.3.1999,Москва
55443857,1,22.10.1995,Москва
55571483,1,29.8.1997,Unknown
56339077,1,5.5.2000,Москва
56602801,1,15.7.1999,Москва
56653323,1,8.12.1993,Москва
57631509,1,22.12.1995,Unknown
59975029,1,13.6.1994,Москва
60140290,1,31.8.2001,Москва
60652800,1,5.4.1995,Москва
62420337,1,8.7.1999,Москва
62650128,1,9.10.1979,Москва
63026883,1,2.5.1993,Курск
63757569,1,26.8.1996,Москва
65693199,1,18.8.1991,Москва
65955901,1,8.4.1989,Москва
66272248,1,26.5.1984,Москва
66781445,1,28.4.1990,Москва
67012241,1,9.4.1998,Москва
67290519,1,18.7.1999,Москва
67364911,1,21.6.1972,Москва
68751014,1,5.7.1997,Москва
69120658,1,21.5.1977,Москва
70354923,1,11.8.1996,Видное
70400060,1,28.5.1917,Донецк
71077547,1,21.4.2000,Москва
71522179,1,14.1.1998,Unknown
71657664,1,25.2.1994,Москва
73981141,1,30.9.1983,Москва
74190799,1,15.7.1998,Москва
74419792,1,31.7.1999,Unknown
76666974,1,13.3.1992,Москва
77018846,1,8.6.1999,Unknown
77350842,1,25.7.1996,Старый Оскол
78409727,1,31.10.1973,Москва
79787509,1,31.5.1996,Москва
80007725,1,14.4.1999,Москва
81144496,1,20.2.1991,Unknown
81390158,1,25.8.1995,Москва
82188657,1,5.10.1994,Unknown
82719212,1,8.4.1994,Unknown
82742102,1,11.12.1984,Москва
83647761,1,10.5.1993,Unknown
84116761,1,6.2.1979,Москва
84164843,1,22.4.1989,Москва
84357762,1,8.3.1997,Пушкино
84795782,1,9.11.2000,Москва
85137710,1,3.6.1983,Москва
85364973,1,27.6.1989,Астрахань
85652392,1,7.12.1996,Москва
85899309,1,31.5.1982,Москва
85915574,1,14.6.1983,Unknown
86040663,1,24.8.1985,Москва
89081238,1,13.9.1996,Москва
89342462,1,16.1.1991,Unknown
89409779,1,10.5.2000,Москва
91297337,1,28.9.1985,Москва
91444845,1,2.4.1974,Москва
91644802,1,25.4.1992,Москва
92236622,1,19.12.1998,Москва
92341362,1,27.3.2000,Москва
93039782,1,24.11.1971,Unknown
93065066,1,12.4.1995,Москва
93165522,1,8.8.1995,Москва
94074806,1,14.3.1984,Москва
94150735,1,4.1.1999,Москва
94990087,1,7.1.1995,Москва
95099545,1,16.9.1997,Москва
95261438,1,11.9.1996,Москва
95322111,1,27.6.1992,Киров
95784229,1,17.1.1994,Unknown
96375001,1,18.11.1996,Москва
96848928,1,15.10.1994,Москва
96962266,1,3.2.1995,Москва
97285745,1,4.2.2000,Москва
97530895,1,5.12.2000,Москва
97661037,1,23.3.1989,Харьков
99684190,1,13.5.1995,Москва
100072301,1,2.2.1994,Севастополь
100260685,1,12.4.1995,Москва
100354343,1,24.7.1992,Ижевск
100434801,1,9.8.1999,Москва
101495147,1,20.12.1999,Москва
102250752,1,24.8.1982,Москва
102695218,1,14.10.1986,Москва
104013684,1,25.3.1999,Москва
106554052,1,23.11.1995,Москва
107092694,1,30.11.1996,Москва
107339865,1,9.12.1997,Москва
111371007,1,10.9.1994,Москва
113202156,1,18.6.2002,Unknown
113267845,1,28.6.1988,Новочебоксарск
115001189,1,2.9.1999,Москва
115270352,1,1.7.1997,Москва
115431978,1,15.11.1994,Unknown
116506577,1,13.4.2002,Unknown
117724353,1,8.3.1987,Москва
118207750,1,9.10.1989,Unknown
118629994,1,8.10.1994,Луганск
118861299,1,30.8.1994,Москва
120831949,1,30.4.1984,Москва
121253157,1,28.4.1994,Москва
121495872,1,8.1.1999,Москва
123068798,1,12.5.1999,Unknown
123777294,1,19.2.1992,Unknown
125000290,1,4.4.2006,Unknown
125148864,1,27.12.1999,Москва
127408875,1,10.3.1999,Москва
129085526,1,28.5.1996,Пронск
130661468,1,9.8.1999,Уфа
131028172,1,29.12.1992,Москва
132048137,1,16.10.1976,Москва
133391885,1,24.7.1998,Москва
134124627,1,24.10.1983,Unknown
134636753,1,17.4.2002,Москва
135000772,1,7.1.1999,Unknown
135274574,1,19.5.1985,Москва
135284327,1,3.4.2000,Москва
135530817,1,27.12.1997,Москва
135992273,1,25.2.1998,Москва
136115060,1,13.6.2000,Москва
137706268,1,7.9.2002,Москва
137961280,1,10.8.1997,Москва
138618218,1,13.9.1996,Москва
138649912,1,11.5.1996,Видное
138958347,1,10.8.1979,Москва
139053494,1,26.3.2001,Unknown
139128693,1,5.1.1993,Москва
139191034,1,27.9.1997,Москва
139478847,1,24.2.1999,Долгопрудный
140162996,1,18.12.1981,Москва
140261624,1,4.8.1993,Москва
140351057,1,18.2.1998,Москва
140417217,1,1.1.2002,Unknown
140637980,1,18.7.1997,Unknown
142495448,1,12.8.1998,Москва
142644727,1,9.2.1990,Unknown
142837029,1,17.9.1999,Краснодар
143067838,1,13.3.2001,Москва
143783901,1,8.1.1990,Москва
144625257,1,6.7.1994,Unknown
144947755,1,18.8.1998,Москва
144957841,1,5.11.1987,Москва
145026444,1,30.12.1999,Санкт-Петербург
145286471,1,13.7.1990,Москва
145288713,1,29.12.1997,Москва
145660034,1,23.9.1998,Москва
145916833,1,20.10.2000,Dūbay
146091893,1,16.8.1996,Москва
146795272,1,6.6.2000,Москва
146804008,1,1.9.1998,Тамбов
146885544,1,13.8.1997,Жуковский
146921679,1,21.8.1997,Москва
147204289,1,8.1.1998,Москва
149224298,1,26.10.2001,Москва
149580665,1,2.12.1993,Москва
150397744,1,6.5.2000,Москва
150636777,1,7.12.1994,Брянск
150666473,1,4.11.1999,Москва
151301792,1,21.2.1997,Москва
151590248,1,7.4.1985,Москва
151606211,1,1.11.1999,Москва
151621746,1,19.12.1995,Москва
151626500,1,6.1.2000,Москва
151668157,1,10.6.1994,Москва
151721241,1,29.3.1996,Москва
151783469,1,11.8.1999,Москва
151792395,1,30.1.1997,Москва
151934247,1,23.7.1994,Unknown
152193070,1,6.8.1997,Москва
152518744,1,28.3.1983,Москва
152561477,1,10.12.1997,Unknown
152601511,1,17.11.1998,Москва
153359782,1,23.7.1967,Москва
153632197,1,20.10.2001,Unknown
154162767,1,18.2.1990,Макеевка
154837097,1,29.3.1995,Узловая
154947679,1,9.1.1995,Unknown
154958556,1,25.11.1993,Unknown
155293086,1,15.1.2001,Екатеринбург
156531292,1,25.7.1995,Истра
157184131,1,14.4.1998,Раменское
157855442,1,11.2.1999,Unknown
158219819,1,17.8.1998,Москва
159742349,1,31.7.1991,Москва
160008568,1,19.6.1991,Москва
160238523,1,18.9.2004,Unknown
160408873,1,6.2.1903,Москва
160728616,1,19.12.1978,Москва
160855036,1,9.5.1998,Москва
160890424,1,1.9.2008,Unknown
161403697,1,24.3.1996,Коломна
161407694,1,29.8.1990,Москва
161458600,1,16.5.2003,Москва
161467406,1,6.5.1999,Москва
161728887,1,20.2.1986,Москва
161747423,1,6.1.2000,Москва
161918335,1,15.8.1994,Москва
163115352,1,22.6.1968,Unknown
163542043,1,8.3.1980,Unknown
164819578,1,10.6.2001,Unknown
165151651,1,17.10.1997,Скородное
165377449,1,23.3.1973,Москва
166082638,1,27.12.1999,Москва
166090643,1,24.10.1996,Москва
166151839,1,22.8.2000,Томилино
166308885,1,24.3.2002,Москва
167620689,1,17.2.1985,Москва
167813288,1,21.1.1995,Unknown
167816761,1,12.10.1999,Москва
168778541,1,29.5.1985,Москва
169099663,1,24.2.2000,Москва
170899776,1,26.2.1991,Свеча
171116415,1,12.6.2000,Москва
172620479,1,29.10.1991,Москва
173084626,1,21.5.2001,Москва
174370064,1,24.9.2001,Красногорск
174632769,1,8.9.1978,Москва
175802477,1,22.8.2001,Москва
175870135,1,2.2.2001,Алматы
175870351,1,20.3.2003,Unknown
179480031,1,15.2.1999,Москва
179492645,1,26.6.1996,Москва
179909206,1,20.8.2001,Москва
179951429,1,16.9.2000,Москва
180930215,1,16.10.1998,Москва
181537940,1,1.3.1977,Москва
182576338,1,15.2.1996,Москва
182857969,1,16.11.2000,Unknown
183110750,1,11.6.1997,Unknown
183278340,1,4.6.1993,Москва
183325531,1,12.5.1999,Unknown
183331210,1,30.8.2001,Москва
183440194,1,6.4.1999,Москва
183607100,1,26.10.1993,Unknown
183787126,1,7.5.1997,Москва
184389653,1,21.9.2001,Москва
184646964,2,11.1.1981,Москва
184772249,1,7.7.1978,Москва
185028161,1,22.4.2000,Москва
185312347,1,2.2.2002,Москва
185688357,1,30.6.2007,Москва
186112700,1,11.8.1994,Москва
187102557,1,10.2.2001,Ялта
187546564,1,11.4.1999,Ивантеевка
188594308,1,12.8.1997,Москва
188811766,1,21.4.1994,Ulaangom
189273400,1,28.12.2006,Москва
189421194,1,8.11.1984,Москва
189441492,1,8.6.2001,Москва
189824236,1,31.3.2000,Москва
191215495,1,1.5.1990,Unknown
191233525,1,28.3.1991,Москва
191439182,1,15.5.1978,Москва
191543426,2,15.1.1992,Москва
191887341,1,20.7.2002,Unknown
192066925,1,1.1.2000,Unknown
192085407,1,18.4.2000,Москва
193065503,1,31.10.2000,Москва
193470920,1,9.11.1990,Unknown
193765290,1,30.12.1999,Москва
194295969,1,26.9.1997,Москва
194764427,1,23.10.1987,Москва
195233715,1,6.6.1902,Tokyo
196112565,1,26.4.2002,Unknown
196925041,1,30.11.1996,Unknown
197817770,1,3.4.2000,Москва
200837626,1,2.10.1960,Москва
201701037,1,21.11.1998,Москва
202418448,1,15.3.1997,Москва
204505636,1,16.3.2005,Москва
205641157,1,29.10.2002,Москва
206644664,1,19.9.1984,Москва
207220272,1,15.6.1991,Москва
208950127,1,4.4.1977,Москва
209551421,1,21.2.1924,Москва
210579803,1,10.8.2000,Москва
210847844,1,10.12.2004,Москва
211775267,1,5.2.1999,Москва
212783574,1,8.7.1998,Unknown
213356537,1,14.10.1999,Unknown
213373043,1,9.5.1977,Москва
214200211,1,14.8.1975,Москва
214575748,1,17.12.2004,Донецк
215615123,1,17.8.1987,Москва
216335813,1,27.5.1999,Москва
216919744,1,13.10.1968,Усть-Илимск
217178519,1,18.10.1989,Unknown
218263822,1,5.7.2000,Москва
220724939,1,29.11.2001,Москва
221887901,1,30.8.1979,Москва
221898011,1,22.11.1997,Москва
223504134,1,27.8.2003,Москва
224196185,1,1.5.2002,Москва
224480045,1,27.3.1997,Калуга
224909054,1,26.10.1990,Unknown
225527426,1,5.10.2001,Москва
227141097,2,10.7.2002,Ширван
227935634,1,28.5.2003,Москва
228039809,1,8.10.2002,Москва
228620244,1,23.5.1998,Москва
229549942,1,20.7.2002,Москва
229710419,1,15.5.1976,Москва
229808661,1,10.12.2003,Москва
230246021,1,27.1.1997,Мытищи
230348373,1,3.8.1963,Unknown
230601117,1,20.9.2000,Ipoh
230647079,1,10.1.1989,Москва
231302655,1,28.8.1990,Черемное с/з
231584871,1,28.3.2001,Москва
232229878,1,26.12.2002,Москва
233810325,1,8.9.2004,Москва
233887624,1,22.3.2001,Unknown
234645265,1,2.2.2001,Unknown
235850902,1,9.9.1999,Москва
235859397,1,3.10.2001,Unknown
236655977,1,13.1.1999,Unknown
237154711,2,14.3.1977,Unknown
237602875,1,11.9.1994,Москва
238118998,1,9.9.1986,Москва
238466084,1,6.2.1994,Москва
241568751,1,7.3.2002,Unknown
242054585,1,2.3.1999,Москва
243071548,1,6.2.2000,Калининград
244981125,1,26.9.2001,Москва
245590414,1,1.1.1901,Москва
245954035,1,29.7.1984,Воронеж
246360591,1,30.11.1972,Москва
246786224,1,1.10.1981,Москва
247006656,1,4.6.1994,Москва
247360896,1,26.1.1996,Москва
248309250,1,10.1.2001,Unknown
249130249,1,6.9.1999,Москва
249569364,1,17.1.1984,Unknown
249683039,1,4.2.2005,Unknown
250577192,1,17.12.2003,Москва
250722524,1,28.11.2005,Москва
252203602,1,21.7.1997,Москва
252232083,1,21.11.1963,Москва
253785823,1,5.3.2002,Boston
254921546,1,17.2.1997,Unknown
255036840,1,29.4.1997,Unknown
255143370,1,10.2.2000,Москва
255319984,1,25.4.1979,Unknown
256119849,1,6.2.1994,Unknown
256141587,1,16.5.2002,Москва
256487790,1,21.7.1995,Москва
257477662,1,16.4.2004,Unknown
258404757,1,25.10.1996,Москва
258416393,1,23.9.1990,Москва
259009377,1,14.2.1992,Донецк
259519570,1,15.4.2000,Unknown
260200525,1,10.8.1906,Unknown
260898741,1,4.4.1976,Москва
261418441,1,11.12.1998,Москва
261572164,1,2.1.1996,Москва
261926553,1,20.12.1995,Москва
262751181,1,16.6.1983,Unknown
263337747,1,11.4.2003,Москва
263348659,1,29.4.1991,Unknown
264611799,1,7.10.1997,Москва
265452128,1,13.5.1986,Москва
266793473,1,2.2.1996,Калининград
266941953,1,25.11.1999,Unknown
266997741,1,28.8.1987,Москва
267629665,1,30.3.1909,Москва
268508704,1,6.3.1993,Москва
271992950,1,30.11.2001,Москва
272355073,2,28.9.1990,Москва
273465265,1,29.12.2002,Москва
274094095,1,2.10.1987,Москва
274416744,1,12.3.2000,Unknown
274595398,1,22.6.2000,Москва
274917263,1,23.4.2004,Москва
275198210,1,26.10.1999,Unknown
275325686,1,23.8.1998,Москва
275448264,1,28.3.1997,Москва
275505626,1,22.11.1992,Одинцово
275741766,1,19.8.1997,Москва
277318226,1,16.9.2001,Воронеж
278349112,1,19.2.1975,Москва
278999858,1,9.7.1989,Москва
279378175,1,12.9.2000,Москва
280786285,1,1.10.2001,Москва
281594530,1,26.6.1992,Santa Cruz de la Sierra
281838758,1,3.11.1995,Москва
283480172,1,12.12.2003,Москва
283832193,1,13.2.2001,Москва
284982625,1,16.1.1999,Unknown
285460555,1,4.1.1999,Москва
285503837,1,17.9.1997,Unknown
285515057,1,31.8.1997,Москва
286317908,1,9.2.2001,Unknown
287706101,1,26.11.1997,Москва
287802978,1,2.11.1987,Москва
288083840,1,13.3.2000,Москва
288313906,1,10.8.1991,Москва
289236563,1,8.8.1994,Unknown
290376978,1,31.8.1993,Ставрополь
290389508,1,30.5.1995,Москва
290790888,1,14.11.1990,Губкин
290847929,1,6.6.2003,Москва
291663078,1,17.11.1998,Москва
292362291,1,24.11.1993,Оренбург
293880739,1,2.6.2001,Москва
294122406,1,25.3.2001,Москва
294228564,1,15.3.1999,Москва
295042756,1,21.9.2000,Unknown
295365176,1,22.11.1976,Москва
295476540,1,2.4.2000,Москва
296821450,1,28.9.1979,Unknown
297699824,1,13.6.2000,Химки
298863445,1,25.2.2005,Москва
299552816,1,17.6.2003,Москва
299593267,1,12.5.2000,Unknown
300297016,1,11.8.1977,Unknown
300705020,1,20.1.1995,Москва
302040664,1,13.9.1994,Москва
302045902,1,1.9.2005,Москва
302335313,1,30.7.1986,Москва
305581147,1,29.11.1971,Москва
305921561,1,13.6.2002,Unknown
306734785,1,13.3.2005,Москва
307045774,1,19.6.1976,Москва
308420182,1,2.7.1994,Москва
308454118,1,20.3.1990,Москва
308876740,1,20.8.1999,Unknown
309363004,1,6.2.1977,Unknown
309795048,1,30.11.2001,Москва
310573041,1,13.10.1995,Москва
311878526,1,9.2.2000,Москва
312289331,1,28.11.2000,Unknown
314403593,1,29.8.1998,Москва
315017273,1,23.10.1985,Москва
315439800,1,29.4.1905,Unknown
315453903,1,6.9.2000,Unknown
316057981,1,5.11.1989,Москва
316211218,1,23.8.1984,Unknown
316532652,1,16.7.2001,Budapest
317880224,1,18.1.2002,Москва
319702871,1,16.7.2001,Москва
320045121,1,9.9.2004,Unknown
321686813,1,28.4.1997,Москва
323174474,1,11.2.1991,Москва
323416064,1,23.2.2003,Москва
323900041,1,27.12.2001,Вербилки
325287575,1,30.9.1999,Москва
326268953,1,1.4.1910,Unknown
326764337,1,5.2.2006,Unknown
329671725,1,9.10.2002,Дзержинский
329674042,1,6.10.1993,Москва
330677328,1,18.11.1990,Вологда
331020135,1,15.3.1960,Unknown
334163890,1,21.6.1989,Санкт-Петербург
334265918,1,12.9.1969,Москва
335610982,1,16.8.1994,Москва
335730970,1,6.10.2001,Кострома
336653412,1,27.5.1980,Москва
338633541,1,15.5.1993,Таганрог
338902154,1,24.1.1903,Туркменбашы
339115402,1,9.11.2006,Москва
340184717,1,23.3.1997,Unknown
340561362,1,9.9.2000,Москва
340670251,1,25.12.1996,Москва
341777390,1,5.11.2004,Москва
342288953,1,17.2.1993,Мостовик
342713629,1,16.3.2001,Луганск
342881396,1,10.5.1999,Москва
345774876,1,10.3.2004,Москва
346254896,1,3.2.1994,Unknown
346397127,1,11.4.1999,Unknown
348387900,1,30.1.2004,Москва
348420541,1,5.10.1990,Санкт-Петербург
348485884,1,15.9.1999,Москва
348887890,1,12.3.1999,Москва
349904102,1,25.8.2000,Москва
350569619,1,21.4.2001,Москва
353299530,1,20.2.2002,Москва
353330034,1,11.8.1998,Москва
353577273,1,21.7.2004,Москва
354495616,1,6.1.2004,Москва
355442130,1,7.6.2001,Москва
355491529,1,17.8.2002,Москва
355885553,1,19.1.2001,Москва
357460063,1,11.12.2000,Можайск
358365282,1,5.5.2004,Москва
361315502,1,27.4.1980,Москва
362149644,1,29.10.1982,Unknown
362177718,1,30.9.2003,Москва
362450714,1,14.12.1972,Unknown
363212108,1,9.5.1985,Москва
365310818,1,11.10.1977,Москва
365391889,1,11.4.2001,Unknown
366914402,1,3.12.1994,Москва
367017182,1,22.12.2002,Москва
367974005,1,3.10.1989,Москва
368877721,1,25.2.1996,Москва
369476436,1,5.1.2006,Unknown
370892511,1,17.8.1999,Москва
371320355,1,12.2.1990,Первоуральск
371565986,2,11.8.1995,Москва
371762426,1,15.5.2002,Москва
372648187,1,13.5.1996,Москва
373046961,1,1.3.2001,Москва
373549577,1,24.4.2002,Москва
373793176,1,6.7.1971,Москва
374868068,1,17.6.1996,Unknown
375322167,1,26.12.1997,Балашиха
376109445,1,9.1.2007,Unknown
376576399,1,7.11.2001,Москва
376849071,1,27.4.1953,Unknown
377583503,1,23.6.1987,Москва
378454239,1,3.8.2003,Unknown
378689541,1,19.5.1998,Москва
378933861,1,15.7.1920,Unknown
379688626,1,7.12.2002,Unknown
380007908,1,18.1.2005,Unknown
380283995,1,7.1.1971,Unknown
380606391,1,4.7.1985,Москва
381306503,1,16.3.2004,Юность
382158090,1,24.3.2001,Москва
382561631,1,20.8.1999,Москва
382576117,1,29.1.2004,Воронеж
383145215,1,13.5.2002,Unknown
383182997,1,19.1.1986,Москва
383701733,1,1.1.1910,Unknown
383870026,1,17.10.2000,Москва
384894708,1,9.4.1995,Москва
384940290,1,21.12.1982,Москва
385044430,1,7.1.1982,Unknown
385112775,1,14.10.1967,"Ново (Шольское с/п, Городищенский с/с)"
386423579,1,18.10.1999,Unknown
387250406,1,3.3.2003,Москва
387439609,1,29.3.2006,Unknown
387761130,1,13.6.1952,Unknown
390227057,1,16.8.2005,Unknown
390422409,1,20.4.1986,Unknown
390898543,1,21.10.1999,Москва
392521513,1,9.10.1970,Unknown
392636400,1,16.5.1999,Unknown
393202049,1,13.6.1989,Москва
395300456,1,5.4.1982,Воронеж
395709412,1,26.12.1987,Москва
396277083,1,19.9.1983,Москва
397804238,1,20.10.1978,Москва
398138293,1,10.7.1988,Unknown
399408218,1,25.7.2000,Москва
399884674,1,9.11.2000,Москва
399990593,1,30.1.1996,Unknown
400556923,1,4.5.1995,Москва
401486839,1,26.8.1979,Unknown
403419038,1,17.10.2003,Ачинск
404184644,1,11.4.2003,Москва
404397757,1,3.7.1992,Москва
404989426,1,12.12.2004,Unknown
405550456,1,3.6.1966,Unknown
406464171,1,8.4.2003,Москва
406708485,1,30.10.1994,Нальчик
407325221,1,19.2.2002,Unknown
407781693,1,24.9.1970,Unknown
408395613,1,18.9.1995,Москва
409085373,1,14.2.1992,Москва
409615110,1,17.11.1993,Москва
411462259,1,7.10.2000,Раменское
412293531,1,1.11.1969,Unknown
412515125,1,25.6.2003,Кострома
414611745,2,3.5.1989,Батайск
415175601,1,28.7.1998,Unknown
416304553,2,22.10.1980,Москва
417298648,1,8.5.1993,Москва
418377268,1,4.3.1995,Москва
418554325,1,4.11.1990,Москва
418643706,1,4.2.1989,Благовещенск
418740917,1,13.6.1968,Unknown
418980913,1,22.4.1999,Москва
419127020,1,20.11.1905,Unknown
420483744,1,16.3.1971,Unknown
421188809,1,19.3.1994,Москва
421668600,1,8.3.1991,Санкт-Петербург
424868229,1,21.9.2000,Unknown
425643725,1,28.2.1974,Москва
426283109,1,1.5.1995,Unknown
427206003,1,21.8.1988,Москва
427552663,1,8.6.1994,Unknown
428932491,1,9.12.1999,Москва
429789239,1,19.4.1987,Москва
429989401,1,1.7.1991,Unknown
430146930,1,1.1.1984,Москва
431318866,1,20.11.1995,Москва
431722954,1,2.3.1973,Unknown
431806580,1,4.11.1987,Москва
432110171,1,10.8.2002,Москва
434000253,1,2.8.1979,Unknown
434060897,1,22.10.1985,Москва
434230609,1,13.3.1990,Москва
434583243,1,3.2.1969,Unknown
434878223,1,25.9.1998,Киров
435206942,1,18.11.1966,Москва
436675018,1,11.1.2002,Москва
438922022,1,25.9.1945,Unknown
439233778,1,13.1.2005,Москва
439371344,1,9.10.1973,Unknown
440739681,2,13.1.1992,Москва
441635391,1,20.6.1971,Unknown
441863187,1,25.6.1994,Unknown
443240903,1,9.10.1992,Unknown
443882273,1,6.6.2006,Unknown
443912819,1,15.2.1985,Unknown
444578041,1,21.9.1980,Unknown
446696872,1,8.2.2002,Unknown
449028200,1,20.9.2003,Unknown
449244587,1,21.1.2003,Unknown
449989191,1,17.2.1905,Kingston
450372816,2,4.5.1992,Unknown
450496923,1,25.12.1998,Москва
450779122,1,22.9.1952,Unknown
450788396,1,11.6.2002,Москва
450884073,1,19.5.1972,Unknown
451150113,1,22.12.2005,Москва
451206937,1,17.5.2004,Армавир
451579559,1,31.1.2003,Москва
451727309,1,23.2.2005,Unknown
454648639,1,1.6.1987,Unknown
454926926,1,23.8.1977,Москва
455060694,1,18.2.1989,Москва
456562015,1,4.5.1974,Unknown
456585198,1,25.3.1975,Unknown
456708583,1,19.2.2001,Москва
458160474,1,5.8.1982,Unknown
458380920,1,25.10.2005,Москва
459359568,1,30.5.1989,Москва
460374938,1,13.3.1998,Можайск
460390721,1,6.9.1994,Москва
461130908,1,9.7.2002,Москва
461417493,1,27.4.1995,Unknown
463902888,1,25.5.1975,Unknown
464435654,1,31.7.2004,Саров
464496113,1,26.1.1967,Москва
464660388,1,9.10.1977,Unknown
465076840,1,13.12.2004,Москва
465320605,1,13.8.1974,Unknown
465373649,1,9.8.2002,Липецк
465645431,1,27.6.1975,Юрга
465879581,1,25.7.1995,Unknown
466147562,1,12.4.2002,Unknown
467316492,1,12.10.2004,Москва
467487643,1,28.11.1955,Unknown
468474729,1,19.10.2002,Новоалтайск
468681266,1,29.1.1976,Unknown
472177402,1,21.1.1971,Unknown
475915417,1,20.5.1982,Unknown
476537316,1,23.5.2003,Москва
478165078,1,26.5.1997,Unknown
478727463,1,14.5.1988,Unknown
479165803,1,30.10.2001,Unknown
480437425,1,13.7.1984,Unknown
482181137,1,17.9.1903,Медведково
482302305,1,28.5.1973,Москва
482921019,1,29.9.2001,Москва
483725275,1,11.4.2001,Москва
483825422,1,31.3.1974,Unknown
484499355,1,7.6.2002,Unknown
485091941,1,16.11.1999,Москва
486776118,1,1.8.1980,Пушкино
487110684,1,28.7.1965,Unknown
487347450,1,14.5.2003,Unknown
487440878,1,29.11.1987,Москва
487877672,1,18.7.1971,Unknown
489148793,1,3.2.2003,Unknown
489829256,1,31.12.2001,Москва
489868478,1,1.2.2004,Unknown
490583337,1,6.4.2003,Луганск
492329194,1,18.7.1996,Санкт-Петербург
492418587,1,12.3.1984,Саранск
493327628,1,15.1.1983,Ижевск
493687203,1,7.3.2004,Unknown
496826479,1,6.6.1977,Unknown
497231532,1,29.4.2000,Москва
497618502,1,10.1.1997,Москва
497850412,1,23.6.1998,Москва
500315812,1,16.1.2003,Москва
500585832,1,7.2.1988,Unknown
500908138,2,4.2.1994,Unknown
500962516,1,28.7.1977,Москва
502268788,1,20.6.1972,Москва
502936229,1,7.6.1987,Unknown
503177985,1,30.12.1989,Москва
503199091,1,8.3.1982,Москва
503220138,1,23.11.1997,Москва
503816094,1,20.11.1999,Москва
504428559,1,31.12.2004,Unknown
504813174,1,17.6.1980,Москва
506381622,1,9.9.2005,Москва
507794765,1,30.10.1982,Москва
508381075,1,1.3.2002,Unknown
509381809,1,30.6.1973,Unknown
510623269,1,18.2.2002,Unknown
511103186,1,22.4.1972,Unknown
511638105,1,16.8.2005,Unknown
511786643,1,22.8.2001,Unknown
511842702,1,2.6.2003,Unknown
512244671,1,2.5.1979,Москва
512515063,1,27.8.1978,Unknown
512585441,2,6.6.1990,Unknown
512604588,1,30.3.1977,Unknown
514280710,1,21.3.1998,Москва
515075770,1,2.5.2004,Unknown
515981454,1,8.2.1977,Москва
515987531,1,15.9.1978,Unknown
516200395,1,4.4.2004,Москва
517708299,1,22.7.2003,Москва
518745039,1,29.2.2000,Unknown
519293913,1,31.7.1957,Москва
521468439,1,7.6.2004,Москва
523005975,1,24.10.2000,Москва
523662716,1,20.3.2000,Москва
523746434,1,10.7.1973,Unknown
523871426,1,28.6.1972,Москва
523872711,1,30.3.1995,Москва
525268339,1,6.12.2002,Unknown
525516026,1,12.1.1989,Москва
525785038,1,12.5.1989,Unknown
525793532,1,10.2.2005,Москва
527372111,1,8.1.2005,Unknown
529050936,1,12.5.2005,Москва
529680690,1,27.11.1982,Новошахтинск
530903183,1,12.4.1984,Unknown
531081326,1,31.10.1988,Unknown
533146043,1,19.8.1982,Лопатино
534518507,1,5.6.1985,Unknown
535119846,1,14.6.1971,Unknown
537519001,1,31.8.1988,Москва
538109564,1,18.2.1961,Unknown
538580356,1,13.1.2004,Unknown
538911262,1,28.1.2002,Unknown
539783041,1,19.11.1994,Москва
540924814,1,13.5.2000,Unknown
541660410,1,16.6.1999,Курск
543327591,1,13.1.1996,Москва
543507800,1,1.1.2007,Unknown
544409571,1,1.12.2002,Москва
546816083,1,10.11.2007,Unknown
548361463,1,15.5.1982,Unknown
548820731,1,7.7.1970,Unknown
549251508,1,14.6.1972,Unknown
550087276,1,22.8.2006,Unknown
550293651,1,13.6.1967,Unknown
553025359,1,16.7.1958,Москва
553068908,1,13.7.2003,Unknown
553533154,1,8.8.1998,Минск
554801468,1,31.1.1989,Unknown
555219368,1,19.4.2005,Москва
555423252,1,31.1.1989,Unknown
556644045,1,16.12.2001,Москва
556891362,1,9.3.2007,Unknown
557727576,1,25.6.1974,Unknown
559266352,1,8.9.1988,Unknown
559364800,1,17.2.1991,Unknown
559835084,1,7.2.2003,Красный Богатырь
560529489,1,7.4.1981,Unknown
560828500,1,19.8.1976,Москва
561250791,1,19.8.1987,Unknown
561308036,1,9.3.2002,Unknown
563508618,1,25.9.1982,Unknown
564099968,1,8.2.2002,Unknown
564760621,1,9.6.2005,Москва
565427801,1,14.7.1986,Unknown
566011393,1,16.11.1978,Unknown
566883454,1,18.2.1985,Казань
567501244,1,10.6.2001,Unknown
567549195,2,21.12.1993,Unknown
567788722,1,10.4.1963,Unknown
568417510,1,7.6.1988,Волгоград
568543488,1,13.8.1951,Unknown
568938298,1,29.7.1982,Unknown
569696645,1,11.1.1993,Unknown
569830548,1,11.1.1968,Unknown
569893934,1,31.1.1979,Москва
570437480,1,31.5.2003,Malé
572262615,1,20.2.1968,Unknown
572317717,1,11.8.1952,Unknown
573013681,1,30.1.1997,Unknown
573425569,1,5.7.1989,Unknown
573835948,1,17.7.1979,Unknown
574245998,1,1.3.1972,"Макарово (Даниловское с/п, Слободской с/о)"
574389423,1,6.8.2005,Unknown
575720754,1,21.9.1975,Unknown
576270564,1,4.8.1980,Unknown
576307682,1,5.11.1979,Москва
576658207,1,7.8.2004,Unknown
577207327,1,3.2.1984,Чебоксары
578021942,2,9.6.1989,Москва
578808341,1,9.11.2002,Unknown
579614778,1,23.7.2004,Unknown
579913422,1,28.10.2005,Unknown
579967852,1,1.4.1976,Unknown
580310376,1,10.5.1981,Москва
581311022,1,7.7.1974,Unknown
581786703,1,24.2.1996,Unknown
583425921,1,23.1.1998,Los Angeles
583523863,1,7.1.1961,Unknown
583562116,1,20.8.1980,Unknown
584107774,1,7.1.2003,Санкт-Петербург
585841216,1,21.1.2006,Unknown
586170126,1,19.12.2001,Unknown
588011766,1,9.9.1979,Донецк
588718655,1,2.2.1992,Москва
591703090,1,2.4.1976,Unknown
592413703,1,16.6.1967,Москва
592703636,1,20.11.1997,Москва
593045587,1,6.10.1999,Unknown
596009047,1,5.5.1985,Unknown
596798989,1,29.6.1956,Unknown
599842556,1,16.3.1905,Unknown
599903580,1,1.10.1995,Москва
600419359,1,1.6.1972,Unknown
600554767,1,20.10.1971,Москва
601442013,1,22.6.1996,Unknown
602048825,1,21.9.1978,Unknown
602186898,1,3.2.1981,Москва
603441406,1,20.7.2002,Unknown
603962017,1,9.11.1972,Unknown
604826557,1,3.2.2002,Unknown
605674269,1,21.1.2006,Unknown
606030596,1,28.1.1965,Unknown
606564986,1,16.7.1989,Unknown
606744813,1,17.6.1901,Москва
606791178,1,4.9.2005,Москва
607321713,1,31.10.1976,Unknown
607803280,1,12.10.2001,Unknown
607840228,1,10.9.1964,Москва
607998998,1,26.4.2007,Комсомольск-на-Амуре
609852656,1,3.3.1990,Москва
610918304,1,25.5.2003,Москва
611273816,1,16.12.2005,Unknown
612374248,1,22.12.1989,Unknown
612754122,1,20.7.2000,Кишинев
613245304,1,22.4.1978,Unknown
613659830,1,13.1.1906,Unknown
614349986,1,1.11.1987,Unknown
614854193,1,21.6.2000,Зуевка
615054491,1,7.2.1981,Unknown
615327776,1,1.7.1981,Unknown
615374805,1,1.7.1906,Unknown
615790533,1,2.6.2003,Unknown
617006385,1,21.7.1962,Unknown
617544666,1,21.7.2005,Unknown
618177277,1,26.12.1975,Unknown
619007331,1,16.5.1969,Unknown
619413830,1,15.3.1982,Unknown
619550143,1,30.11.1982,2-е Идельбаево
619696084,1,11.1.1979,Unknown
619809314,1,12.7.1975,Unknown
621592561,1,11.8.2000,Unknown
621802734,1,22.2.1984,Unknown
621984379,1,28.3.2001,Unknown
622195093,1,23.7.1995,Москва
625081944,1,6.2.2001,Unknown
625098651,1,13.4.2009,Ульяновск
628004591,1,26.6.1985,Москва
628235057,1,27.9.1969,Unknown
628388171,1,11.12.2006,Unknown
628858863,1,14.11.2003,Unknown
628859425,1,4.6.2006,Москва
628927768,1,9.7.1974,Unknown
628939167,1,7.5.1996,Unknown
629965550,1,11.7.2002,Unknown
630114113,1,4.3.2003,Петрозаводск
630483562,1,18.4.1999,Unknown
630570185,1,18.9.1964,Unknown
631539933,1,5.7.1974,Unknown
632648529,1,12.4.1988,Unknown
633602158,1,20.11.1987,Unknown
634286253,1,15.4.2010,Москва
635887132,1,11.6.1976,Москва
637065613,1,7.9.1982,Unknown
637602856,1,5.2.1976,Москва
637802781,1,16.6.2005,Unknown
637992965,1,6.4.1973,Москва
641238124,1,8.2.1966,Unknown
641415828,1,31.12.1997,Unknown
647361036,1,18.11.1987,Unknown
647463839,1,11.9.1978,Unknown
647716398,2,1.7.2001,Kyōto
648986541,1,2.2.1990,Unknown
649513429,1,19.11.1966,Unknown
649641852,1,5.7.1987,Unknown
652125438,1,13.10.1990,Unknown
652548123,1,14.6.1986,Unknown
652842839,1,22.3.1995,Unknown
656055901,1,18.10.2006,Unknown
658698522,1,8.11.1985,Unknown
659806411,1,6.7.1990,Москва
660242459,1,11.10.2008,Unknown
660836295,1,26.3.1977,Рязань (деревня)
663652380,1,28.7.1994,Unknown
666204850,1,19.12.2005,Unknown
666669391,1,1.7.1995,Unknown
666901468,1,23.7.1964,Unknown
670025174,1,16.11.2002,Unknown
671528481,1,10.9.2002,Москва
672374931,1,15.11.2003,Unknown
672576536,1,22.10.2002,Unknown
675266241,1,15.9.2007,Unknown
675450754,1,2.1.1966,Unknown
676870404,1,22.12.1956,Москва
679904429,1,1.3.1983,Москва
680199350,1,1.1.2000,Unknown
682427465,1,7.8.1989,Unknown
682757313,1,10.7.2003,Unknown
685124266,1,13.8.1995,Unknown
686091510,1,28.4.2007,Unknown
686275242,1,21.11.1976,Unknown
687321043,1,15.3.1972,Unknown
688205198,1,28.8.2003,Unknown
689433201,1,14.7.1978,Unknown
690560264,1,5.4.2001,Москва
691214041,1,7.1.1989,Unknown
691889714,1,6.12.2007,Unknown
692904033,2,28.12.1989,Unknown
694797502,1,29.6.1995,Unknown
694833008,1,18.10.2001,Unknown
695185146,1,25.10.1967,Unknown
695771220,1,8.12.2000,Москва
697474949,1,2.1.1972,Unknown
697653554,1,2.2.2002,Unknown
697937273,1,6.2.2006,Unknown
698145922,1,31.3.1986,Москва
698569488,1,22.7.1975,Unknown
698950756,1,10.4.2001,Unknown
699284750,1,10.1.2008,Москва
699866579,1,22.12.1967,Москва
700045559,1,18.9.1971,Unknown
700203907,1,22.1.2005,Unknown
702215522,1,24.9.1961,Москва
702470212,2,15.5.1999,Unknown
703572709,1,4.1.1962,Unknown
705449897,1,21.2.1995,Unknown
705639452,1,15.10.1986,Unknown
707201143,1,24.5.1961,Москва
707428886,1,22.10.1991,Unknown
707710443,1,3.10.1988,Unknown
708239776,1,22.4.1981,Unknown
708424185,1,10.5.1975,Unknown
709010914,1,12.11.1983,Unknown
709225089,1,12.1.1992,Unknown
709235145,1,20.3.2000,Москва
709354611,1,6.7.1981,Unknown
709559882,1,22.2.1978,Unknown
709658706,1,29.6.1982,Unknown
710079855,1,25.8.1992,Unknown
710118185,1,8.7.1988,Unknown
710398489,1,4.12.1997,Unknown
710429419,1,13.5.1976,Unknown
710442442,1,9.9.1977,Unknown
710685191,1,25.5.2008,Unknown
710932360,1,15.6.1965,Unknown
710947527,1,12.2.1999,Unknown
710986929,1,20.8.1979,Москва
711280204,1,13.3.1983,Unknown
711357282,1,28.4.1957,Unknown
711393325,1,29.11.1958,Unknown
711428938,1,21.6.1979,Unknown
711474086,1,30.1.1997,Unknown
711477149,1,24.5.1986,Unknown
711489601,1,6.12.1987,Unknown
711518027,1,15.9.1978,Unknown
711574602,1,1.5.1986,Unknown
712037995,1,28.3.1979,Unknown
712282655,1,27.2.1995,Unknown
712390037,1,17.2.1996,Unknown
712393297,1,4.3.1965,Unknown
712422977,1,30.8.1969,Unknown
712867250,1,9.2.1978,Unknown
713372370,1,9.10.1978,Unknown
715198456,1,15.10.1984,Unknown
715479278,1,12.4.1989,Unknown
715700835,1,10.12.1961,Unknown
715889538,1,29.8.2007,Unknown
716058437,1,1.5.1993,Unknown
717553023,1,20.1.2009,Unknown
718640209,1,19.10.1970,Unknown
718868482,1,20.8.2002,Москва
719353956,1,10.11.1961,Unknown
719812188,1,20.2.2007,Unknown
720157449,1,1.4.1967,Unknown
720579507,1,21.4.1989,Unknown
721019842,1,30.1.1996,Unknown
722530424,1,21.6.2003,Unknown
722972095,1,15.2.1964,Москва
729172572,1,12.5.1990,Unknown
729830790,1,7.6.1984,Москва
730800013,1,5.5.1981,Unknown
731155685,1,23.5.1972,Unknown
731324096,1,31.3.1977,Unknown
732676740,1,18.8.1957,Unknown
732708743,1,22.1.1986,Unknown
736512999,1,13.5.1974,Unknown
737831991,1,26.3.2000,Unknown
739124961,1,13.5.1983,Unknown
739257284,1,4.12.1989,Unknown
739556152,1,11.10.1976,Москва
740281211,1,8.1.1984,Новосибирск
741675294,1,5.6.1952,Unknown
742349460,1,16.6.2004,Unknown
743423219,1,10.8.1958,Unknown
743829432,1,20.6.2006,Unknown
744728243,1,4.9.1991,Unknown
745681717,1,6.5.1994,Unknown
745956380,1,6.1.1973,Unknown
746443634,1,22.7.1977,Unknown
747331572,1,18.3.1991,Unknown
748419668,1,20.8.1956,Москва
748484454,1,3.9.1993,Unknown
748506821,1,1.6.1996,Unknown
748673564,1,27.8.1975,Unknown
748823214,1,16.6.2000,Unknown
748847776,1,24.2.1994,Unknown
748878257,1,1.2.2009,Unknown
749436268,1,1.9.1981,Unknown
750401296,1,28.6.1990,Орёл
751181691,1,3.7.2003,Unknown
751540068,1,1.10.1989,Unknown
752447869,1,4.1.1971,Unknown
753371900,1,17.11.1980,Unknown
753967996,1,21.12.2002,Unknown
754804558,1,20.5.1975,Unknown
755556840,1,25.1.1987,Unknown
755926254,1,9.5.1994,Unknown
756990387,1,20.11.1980,Unknown
759344072,1,17.4.2001,Unknown
761399127,1,14.1.1961,Unknown
761531641,1,22.5.1977,Unknown
762244036,1,17.9.2000,Unknown
762254787,1,5.6.1996,Unknown
764860759,1,23.5.1985,Unknown
766439234,1,1.6.1993,Unknown
766505092,1,4.8.1965,Unknown
767169277,1,9.11.2003,Unknown
767558394,1,21.3.1992,Unknown
767966955,1,27.12.2002,Unknown
768771765,1,19.3.1991,Unknown
769403673,1,10.2.1975,Unknown
769893321,1,1.3.2002,Unknown
770511600,1,12.4.1996,Unknown
770692271,1,27.10.1984,Unknown
771963863,1,31.12.1998,Unknown
772792701,1,18.2.1977,Unknown
774740468,1,18.8.1988,Unknown
775144243,2,25.6.2003,Unknown
775278501,1,24.12.1995,Unknown
776317677,1,4.4.1970,Unknown
776874964,1,8.2.1982,Москва
777201940,1,19.3.1977,Unknown
778372920,1,15.7.1994,Unknown
778501263,1,10.12.1993,Unknown
780033422,1,30.9.1959,Unknown
780671748,1,8.4.1966,Unknown
782954569,1,2.3.1972,Unknown
783595824,1,20.3.1989,Unknown
784080751,1,9.2.1995,Unknown
784661113,1,28.8.2004,Москва
785170638,1,19.11.2009,Unknown
785475377,1,27.3.1989,Unknown
786339838,1,12.1.1985,Unknown
789483768,1,4.7.2005,Unknown
790338070,1,14.6.1990,Unknown
794052603,1,26.10.1997,Unknown
796840570,1,11.11.1988,Москва
799604315,1,19.12.1986,Unknown
803497368,1,20.11.1992,Краснодар
808309079,1,25.3.1966,Unknown
809222246,1,25.1.1987,Москва
809605108,1,13.6.2001,Unknown
811421396,1,18.11.2009,Unknown
814706074,1,8.5.1961,Unknown
839954818,2,6.8.1988,Москва
841031979,1,1.5.2000,Ростов-на-Дону
842137242,1,20.3.1981,Unknown
854032679,1,11.4.1971,Unknown
861822771,1,12.10.1996,Unknown
866068289,1,14.9.1978,Unknown
875632690,2,1.1.1988,Москва
24660508,1,10.1.2009,Химки
25603171,1,8.9.1996,Белгород
33861087,1,6.11.1987,Цивильск
38527934,1,10.1.1985,Щапово
39045176,1,4.10.1990,Тула
49384139,1,27.10.1995,Казань
51855173,1,12.5.1992,Чебоксары
53256650,1,27.2.1998,Голицыно
72031080,1,2.2.1999,Москва
124555432,1,21.9.1974,Москва
134093971,1,23.3.1986,Вологда
152174743,2,16.10.1905,Владивосток
169895371,1,18.7.1997,Тула
170939664,1,3.11.1915,Оренбург
174178303,2,12.7.1993,8-й км Мамаевской ж/д ветки
183566871,1,31.3.1956,Москва
187753896,1,31.7.1979,Санкт-Петербург
189236020,2,20.10.1997,Красный Холм
193822729,1,21.12.1988,Александровская (Пушкинский р-н)
206265802,2,1.6.1993,Москва
206389104,1,9.8.1984,О-Шынаа
208742376,2,3.7.1972,Москва
219590386,2,10.8.1994,Ярославль
226476185,1,30.3.1999,Москва
227591611,1,20.1.1989,Unknown
234730663,1,5.6.2002,Unknown
245164881,1,15.9.1973,Москва
245595140,1,17.5.1985,Москва
246772329,1,3.4.2004,Пермь
250375153,2,2.3.2000,Сторожевое Первое
250391666,1,11.6.2001,Кирово
257594454,1,4.3.1979,Москва
262207377,1,18.3.1967,Рубцовск
264959915,1,19.1.1985,Шарыпово
268304039,1,1.3.1995,Архангельск
269911077,2,3.2.1997,Раменское
271504932,1,12.3.1958,Красноярск
273505639,1,6.2.1976,Сочи
280885045,2,1.7.1953,Октябрьский
281337796,1,7.1.1993,Unknown
284265797,2,3.2.1993,Adana
287920840,1,2.6.1990,Филимоново
292211274,1,1.8.1991,Москва
295575908,1,22.5.2001,Чебоксары (деревня)
306352688,1,22.5.2001,Заполярный
307720740,2,1.2.1999,Грозный
311007677,1,21.1.1994,ж/д Казарма 1022 км
319013465,1,15.3.1976,Unknown
321124645,1,12.6.2004,Пермь
321278213,1,25.12.1987,Солдатская ж/д
329754958,1,1.2.2007,Москва
330878309,2,9.1.2005,Ярославль
333995368,1,8.8.1994,Белгород
336299909,1,21.6.1990,Воронеж
336958702,1,6.1.1990,Unknown
341819070,1,16.11.1997,Москва
342687721,2,30.5.1970,Сарапул
343498742,2,16.2.1996,Москва
343595999,2,5.3.1996,Уфа
347082485,1,9.2.1990,Москва
347508541,1,9.8.1993,Москва
347713086,1,10.4.1997,Нальчик
358472890,2,18.12.1984,Ивановка (Ивановская т/а)
360348173,1,22.5.2001,Вышний Волочек
362295240,1,6.7.1974,Подсобное х-во Пригородный
364824604,1,5.12.1979,Горки (Епифанское с/п)
364830136,1,8.5.1987,Москва
368605979,1,7.7.1995,Белгород
369195747,1,5.5.1950,Иваново
371785224,1,3.1.1995,Москва
377894438,2,11.10.1995,Unknown
380925994,2,25.1.1998,Unknown
383687289,1,2.9.1999,Москва
384715920,2,3.4.2002,Unknown
386022762,2,26.6.1992,Unknown
386384803,1,26.7.1997,Б.Ключ
388421472,1,22.5.2001,Разъезд 35 км ж/д пути
389680828,1,29.4.1982,Арзамас
389805105,1,18.6.1972,Тольятти
394008468,1,13.4.1998,Unknown
394288081,2,25.3.1968,Москва
398286033,1,5.2.1996,Unknown
398519390,1,24.8.2003,Гашун ж/д
401682925,1,15.4.1994,Unknown
402150311,1,5.11.1991,Тула
402251380,2,1.5.1995,Unknown
403264030,1,7.10.1987,Unknown
409349043,2,6.4.1968,Москва
409914053,1,16.5.1994,Каменск-Уральский
410547815,2,17.5.1995,Unknown
411694197,1,24.1.1987,Москва
414358565,1,20.3.1968,т/б Дорожник
414935328,1,1.1.1990,Новолисино (Форносовское г/п)
415544665,1,18.12.1979,Протвино
417583939,1,30.6.1992,4-й км Мамаевской ж/д ветки
418783917,1,24.3.1963,Владивосток
418902523,1,14.10.1970,Москва
419239662,2,30.7.1995,Unknown
420702259,2,13.4.1989,Вольск
421574435,1,5.5.1990,Москва
422516921,2,30.4.2000,Москва
422523170,1,5.9.2003,Unknown
423178201,2,9.1.1997,Железногорск-Илимский
423281412,1,26.9.2001,Москва
423746164,1,13.12.1993,Москва
425217397,1,22.4.2003,Unknown
432292522,1,3.11.1988,Липецк
437018630,1,1.1.1991,Москва
437372412,1,14.3.1976,Москва
437547739,1,19.2.2006,Воронеж
440013723,2,31.12.1992,Москва
441888539,2,23.12.2000,Москва
443643677,2,18.12.2003,Кемерово
446320426,2,1.8.1988,Москва
447576291,1,12.11.2003,Нальчик
448103872,1,1.9.1990,Ханты-Мансийск
449801045,1,22.5.2001,п/л Зеленый Гай
450137651,1,2.4.1998,Москва
451207572,1,12.12.1921,Москва
453115814,1,1.10.1999,Москва
453356764,2,27.4.1999,Unknown
454838974,1,13.8.1994,Москва
454925076,1,26.11.2003,Омск
455488245,1,15.8.1975,Москва
457641374,2,8.1.2003,Unknown
458769521,1,8.1.1993,Москва
459550376,1,7.6.1994,Барановская (Приозерное м/о)
459850731,2,10.12.1998,Москва
459931959,2,26.3.1965,Фабрики им П. Л. Войкова
460725187,2,12.3.1981,Москва
461844910,1,30.1.1967,Новочебоксарск
467267199,1,28.2.1968,Чита
469275892,1,2.1.2004,Обнинск
469649574,1,12.10.1989,Турбаза «Лисицкий Бор»
470148370,1,24.9.1990,Орск
473163072,1,30.6.2002,Москва
473177354,2,8.10.1994,Unknown
473486116,1,5.2.1988,Москва
474595489,2,16.2.2004,Unknown
476856173,2,10.5.1998,Unknown
476943580,1,25.4.1994,Белая Гора (Холмогорское м/о)
477648278,1,6.9.2002,Омск
478176033,2,13.3.1996,Unknown
478304632,2,26.12.1989,Veresegyház
480120240,1,1.4.2000,Балашиха
481090466,1,15.12.2004,Турбаза «Лисицкий Бор»
486141177,2,15.9.1991,Unknown
486902175,2,4.2.2004,Москва
488821947,1,9.3.1990,Ханты-Мансийск
493013723,2,3.5.1999,Теляково (Иваньковское с/п)
495183872,2,7.5.1983,Москва
495242303,1,6.11.1979,Владикавказ
495821646,1,6.4.1981,"Заозерье (Лядская волость, у д. Ктины)"
496586696,1,1.2.1998,Звенигово
496984092,1,12.6.1991,Москва
498086848,1,26.11.1974,Москва
498735377,1,2.2.1980,Солдатская ж/д
498870348,2,1.1.1996,Unknown
500340776,1,8.9.1998,Unknown
501906233,2,1.1.1993,Cairo
505357662,2,21.11.1983,Unknown
507522474,1,11.4.1997,Unknown
508264572,2,3.5.1993,Керчь
511009821,1,8.4.2004,Череповец
511952542,1,20.4.2000,Москва
512347182,2,15.11.2004,Москва
515054755,2,7.7.1975,Unknown
515194530,2,20.1.1959,Москва
515454274,1,5.3.1985,Салават
516756430,1,12.11.1994,Волгодонск
517275347,1,24.11.1977,Иваново
517454127,2,16.5.1999,Кызыл
518407310,1,18.12.1966,Unknown
518752823,1,11.1.2003,Екатеринбург
521499682,1,6.4.1993,Волжск
521818826,1,6.6.1998,Ханты-Мансийск
523016210,1,1.7.2004,Волгоград
523337549,1,13.3.2007,Никулинская (Приозерное м/о)
523440680,1,1.12.1972,Москва
523528721,1,20.1.2005,Имени М. Горького
523637323,1,11.8.1978,Минск
525115622,1,1.10.1998,Unknown
525605708,1,20.8.1982,Знаменск
526122304,2,7.10.1987,Воронеж
526314878,1,15.7.2001,Москва
526491785,1,23.8.1977,Волжск
526648307,2,1.2.2005,Москва
529594947,1,20.2.1985,Москва
529823646,1,1.10.1989,ВНИИФБиП с/х животных
531638019,1,4.8.1974,Егоркино (Егоркинское с/п)
532742862,1,23.12.2005,Москва
532983350,1,19.5.1992,Unknown
535797032,1,13.1.1995,У Тумер
535881704,1,30.7.1951,Красноярск
536188781,1,10.12.1987,Unknown
537305933,1,14.3.2005,Томск
540914516,2,10.1.1966,Полетаево I-е
541802171,1,12.12.1968,Кострома
542923323,2,23.3.1984,ж/д Комбинат 386 км
543137512,1,9.8.1958,Обнинск
543154379,2,31.1.2005,Unknown
543500339,2,4.4.1990,Казань
544849955,1,2.2.1998,Никольское 1-е
547725696,2,17.12.2005,Казань
547904408,2,7.9.1968,Москва
548715597,1,18.8.2002,Unknown
548748589,2,12.6.1994,Unknown
550677299,1,27.12.1994,Москва
554518363,1,10.6.2000,Москва
563372876,2,20.2.1986,Unknown
563977694,1,11.8.2001,Unknown
566973584,2,15.11.1985,Unknown
568442814,1,6.4.1978,Нижний Новгород
572002294,1,28.2.1984,Кисловодск
573035085,1,16.8.1999,Прокопьевск
573150164,1,10.9.1962,т/б Дорожник
574837834,1,11.11.1996,Ногинск
575224907,1,21.3.1950,Щеглово (деревня)
582448947,1,15.2.1993,Факел
583733491,1,25.6.2000,Хреново (Майское с/п)
584275941,1,16.12.2006,Москва
584638384,2,18.3.1985,Санкт-Петербург
585291963,2,16.6.1971,Москва
586035616,1,16.9.2000,Unknown
589251475,2,26.3.2002,Unknown
589701192,1,30.3.2006,Москва
591926802,2,16.10.2004,Ивано-Франковск
592024777,1,20.9.1980,Москва
593098787,1,8.7.1988,Нижний Тагил
593816273,1,15.9.1986,Калуга
595005008,2,9.11.1968,Санкт-Петербург
595498655,1,26.12.1999,Unknown
598772069,1,24.5.1989,Владивосток
599075764,1,20.2.2006,Октябрьский
600089299,1,4.6.1991,Unknown
600815259,1,26.7.1993,Армавир
601977384,1,10.6.2006,Муром
602290483,2,1.1.2001,Unknown
602345867,1,15.7.1990,Москва
602619606,1,21.2.1977,Москва
604566565,2,4.7.1992,Новая Майна 1-я
605168506,2,1.11.1997,Москва
605334043,1,3.7.2006,Unknown
605640085,2,15.11.2000,Unknown
607091462,2,4.2.2001,Москва
607214094,1,21.9.1965,Шагонар
607724155,2,25.2.1975,Москва
607830639,1,23.2.1997,Москва
612323424,1,19.2.2006,Тула
612590069,1,18.1.2002,Москва
617464704,2,3.7.2000,Unknown
618817376,2,20.6.1993,Москва
619946989,1,15.12.1980,Полтава 1-я
620251887,2,22.3.1959,Unknown
621069416,1,20.1.1968,Переславль-Залесский
624568603,1,8.9.1992,Unknown
625539044,2,31.12.1999,Москва
625764897,1,19.12.1951,Знаменск
626188827,1,20.6.1976,З.Я.Б.
626669924,1,23.6.1970,Петропавловка 1-я
627142417,1,28.7.1981,Большой Двор (Большедворское с/п)
627839021,1,22.1.1978,Прокопьевск
628020226,1,10.9.1989,М.Каскасал
628594138,2,1.1.2004,Kecskemét
629593871,1,17.12.1992,Москва
629886793,1,1.1.1995,6-е Алкино
630499982,1,3.12.2006,Комсомольск-на-Амуре
630625950,1,14.1.1966,Владимир
639642063,2,24.5.2000,Unknown
640641422,1,4.5.2006,Курск
643955917,1,6.6.1975,Волгодонск
647247801,1,27.3.1997,Москва
648213309,1,19.3.1975,Дубровка (Серебрянское с/п)
648902466,2,27.12.1986,Москва
649517955,1,3.1.1995,Москва
650149357,2,18.12.1994,Sevilla
650562531,1,27.1.1979,Кызыл
652786676,1,21.10.1994,Москва
652981787,2,11.7.2000,Unknown
653002439,1,10.5.1990,Горки (Епифанское с/п)
653156926,2,18.1.2006,Unknown
653262618,1,7.5.1984,Москва
653394211,1,8.9.1993,Москва
653520366,2,6.1.1988,Unknown
654790750,2,16.5.1997,Москва
655785789,1,1.8.1971,Великий Новгород
656100671,2,21.8.1982,Unknown
656984747,2,14.2.2003,Unknown
656986692,1,30.6.1961,Москва
657786001,2,6.8.1990,Ковров
657869728,1,29.12.1992,Москва
657941170,1,10.6.2002,Москва
658716757,2,16.2.1985,Bangkok
659924998,2,1.6.1980,Песковатка (станция)
661144085,2,14.7.2000,Москва
661521445,1,13.10.2010,Unknown
661765295,1,7.8.1998,Unknown
663153978,1,21.8.1990,Москва
663838386,1,18.6.1989,Вологда
666851183,2,27.6.1990,Lima
667377656,2,15.8.1989,Nonthaburi
668716164,2,10.1.1999,Unknown
669634679,2,18.10.2006,Unknown
669854071,2,29.8.2000,Unknown
670545620,1,27.4.1979,Холм
672374820,1,8.4.2000,Москва
673006585,1,13.2.1980,Мурманск
674423671,1,28.3.1987,Петрозаводск
676344841,1,22.2.1995,Unknown
676433612,2,15.6.1999,Unknown
677765496,2,3.3.1997,Unknown
679102381,2,17.12.1998,Москва
680124499,2,12.10.2000,Unknown
682937557,2,10.8.1986,Unknown
684030428,2,24.9.2000,Unknown
687595769,1,20.12.1982,Жутово 2-е
688677031,2,30.8.2002,Москва
688958610,1,24.2.1993,Москва
690462331,1,20.8.1994,Москва
692912115,1,2.4.2000,Unknown
694877855,2,6.4.2006,Москва
695485917,1,5.9.1998,Giza
697429836,1,2.8.1998,Москва
697567116,1,22.6.1973,Москва
700848197,1,8.5.1981,Зеленодольск
702661445,1,7.4.2002,Москва
704180776,1,23.1.1983,Синий Утес
704859371,2,9.3.1998,Unknown
705084481,1,12.1.1977,Мытищи
705210713,1,19.6.1988,Москва
709170852,1,6.3.2004,Москва
709553241,2,9.2.1997,Москва
710234187,2,4.5.1989,Unknown
710641142,1,30.11.1983,Лысьва
710925722,1,12.3.2008,Северск
711845004,1,3.10.2003,Москва
712486947,2,24.2.1983,Cairo
715026617,1,2.6.2002,Махачкала
717130434,2,22.10.2000,Москва
722120591,1,10.4.2008,Unknown
729074959,2,3.3.1998,Unknown
729230082,2,1.1.2008,Unknown
729476960,2,9.2.2001,Unknown
732850683,2,7.11.1995,Unknown
733041350,2,30.7.1999,Unknown
733587784,1,16.2.2004,Горячий Ключ
733618981,1,12.4.1981,Холм
734191136,2,13.2.2008,Москва
734781510,1,15.6.2000,Подсобное Хозяйство
735316981,1,5.1.2000,Unknown
736819250,2,1.1.1998,Unknown
740894022,2,14.10.2003,Unknown
741422766,2,12.12.2000,Unknown
742224529,2,11.11.2000,Unknown
749065716,2,14.11.2001,Москва
750190885,1,11.12.2000,Москва
751235749,2,25.2.1990,Санкт-Петербург
752250738,2,2.8.1999,Miskolc
756948897,2,3.7.2002,Unknown
757104115,2,15.5.1995,Unknown
758005996,2,18.8.2005,Unknown
758494209,2,28.10.2008,Unknown
762507306,2,13.11.1977,Unknown
766214257,2,8.11.1997,Заречный
767723645,2,3.10.2005,Unknown
774577592,1,26.8.1985,Unknown
779476868,1,31.7.1991,Имени М. Горького
785352950,1,9.1.1966,Ухта
789579950,2,15.3.1992,Unknown
795123299,2,13.3.1991,Unknown
796602189,1,13.4.1995,Шимановск
799983072,2,5.12.1994,Unknown
801120196,2,17.7.1999,Unknown
806020939,1,19.7.1995,Unknown
806153534,2,29.5.2005,Unknown
806997438,2,11.6.1995,Unknown
808138057,2,22.12.1999,Unknown
810857031,2,20.3.2002,Unknown
811288116,2,1.1.2000,Unknown
813499842,2,7.7.2001,New York City
813988251,1,2.11.1990,Фокино
817587679,2,7.1.2007,Unknown
818677834,1,16.1.2009,Лысьва
829916771,1,23.5.1997,Москва
830495105,1,22.9.1996,Ессентуки
831573426,2,16.6.1998,Москва
833693467,2,1.5.1998,Unknown
842952744,2,15.10.1989,Unknown
843487252,2,29.5.1994,Egypt
846037263,2,4.10.1983,Unknown
851761551,2,29.7.2000,Unknown
852871086,1,6.12.1991,Москва
854234707,2,25.7.1982,Ульяновская (Верхнеуфтюгский с/с)
855900477,2,8.3.2006,Unknown
857457399,2,1.1.1979,Unknown
858419083,2,11.3.1977,London
859372866,1,29.3.1977,Unknown
859933792,1,31.5.1990,Unknown
860704274,2,20.5.2009,Unknown
862956111,2,11.10.1983,Москва
863987839,2,26.5.2010,London
865664184,1,17.12.2000,Новогеоргиевка 2-я
867246472,1,18.12.1994,Unknown
869185394,2,12.12.1990,Москва
870064577,2,28.10.1994,Москва
870374042,1,17.1.1999,Бибаево-Челны
870701251,1,14.8.1994,Товарково 1-е 
874087348,1,3.8.1993,Сочи
876259013,1,22.7.1988,Москва
877485674,1,25.5.2001,Москва
880529316,2,31.7.1976,Unknown
882149004,2,3.1.1985,Unknown
882159318,2,8.2.1975,Unknown
882864291,2,8.10.2010,Unknown
883271883,1,7.12.1998,Unknown
883276673,1,22.6.1978,Unknown
883280540,1,17.3.1997,Unknown
883280543,1,16.7.1980,Unknown
883280558,1,13.10.1987,Unknown
883280592,1,28.12.1983,Unknown
883280620,1,4.3.1996,Unknown
883280799,1,8.2.1984,Unknown
883280890,1,7.8.1995,Unknown
883281140,1,13.9.1998,Unknown
883281255,1,24.8.1983,Unknown
883281370,1,27.8.1980,Unknown
883281465,1,2.5.1984,Unknown
883281470,1,15.4.1976,Unknown
883281483,1,5.10.1983,Unknown
883281645,1,18.5.1992,Unknown
883281729,1,28.2.1999,Unknown
883281972,1,15.8.1979,Unknown
883282061,1,15.8.1999,Unknown
883282530,1,21.6.1998,Unknown
883282750,1,21.3.1994,Unknown
883282807,1,1.6.1983,Unknown
883283096,1,9.3.1983,Unknown
883283127,1,21.10.2001,Unknown
883283426,1,20.2.1975,Unknown
883283431,1,16.7.1990,Unknown
883283491,1,12.10.1997,Unknown
883283629,1,27.8.1990,Unknown
883283729,1,9.1.1975,Unknown
883283825,1,23.8.1993,Unknown
883284749,1,6.5.2001,Unknown
883284882,1,13.6.1974,Unknown
883285019,1,22.5.1989,Unknown
883285198,1,6.8.1985,Unknown
883285280,1,25.7.1974,Unknown
883285322,1,6.12.1978,Unknown
883285487,1,7.8.1975,Unknown
883286238,1,27.11.1984,Unknown
883297504,1,24.11.1987,Unknown
883314106,1,6.8.1995,Unknown
883320294,1,13.5.1975,Unknown
883336008,1,19.10.2001,Unknown
883432768,1,11.8.1999,Unknown
883432786,1,2.8.1995,Unknown
883432799,1,20.7.1984,Unknown
883433116,1,30.6.1999,Unknown
883433132,1,11.2.1988,Unknown
883433150,1,5.5.1988,Unknown
883433439,1,28.11.1991,Unknown
883433558,1,23.8.1980,Unknown
883433666,1,25.6.2002,Unknown
883433679,1,15.4.1973,Unknown
883433736,1,8.6.1984,Unknown
883433970,1,23.4.1987,Unknown
883433975,1,18.12.1976,Unknown
883434611,1,6.8.1982,Unknown
883435047,1,27.12.1990,Unknown
883435282,1,17.1.1986,Unknown
883435422,1,2.8.1975,Unknown
883435449,1,9.9.1998,Unknown
883435566,1,9.12.1992,Unknown
883435687,1,10.5.1985,Unknown
883435736,1,28.10.1992,Unknown
883435825,1,24.3.1988,Unknown
883435849,1,4.9.2001,Unknown
883436180,1,23.4.1977,Unknown
883436183,1,4.6.1977,Unknown
883436986,1,23.8.1990,Unknown
883437172,1,10.5.1995,Unknown
883437471,1,16.9.2002,Unknown
883437603,1,10.4.1976,Unknown
883437636,1,23.12.1983,Unknown
883437716,1,8.6.1994,Unknown
883437890,1,4.1.1995,Unknown
883437999,1,3.2.1984,Unknown
883438161,1,16.3.1994,Unknown
883438311,1,12.1.1999,Unknown
883438316,1,12.6.2001,Unknown
883438390,1,28.10.2002,Unknown
883438539,1,21.9.1999,Unknown
883438800,1,7.7.1993,Unknown
883439050,1,3.10.2000,Unknown
883498894,2,21.3.2009,Unknown
883669262,2,18.10.2008,Unknown
883764149,2,24.11.1958,Москва
883764152,2,6.9.1993,Москва
888874223,1,3.9.1972,Москва
1022479537,1,10.11.2000,Unknown
1239488,1,23.12.1978,Unknown
1415543,1,17.4.1987,Москва
1694594,1,5.6.1986,Симферополь
2632548,1,29.5.1992,Санкт-Петербург
3478866,1,27.5.1980,Санкт-Петербург
5790514,1,18.12.1982,Челябинск
6292680,1,21.1.1987,Москва
6724584,1,11.1.1987,Севастополь
10307638,1,15.6.1990,Санкт-Петербург
11396640,2,21.2.1992,Москва
11636771,1,14.4.1980,Санкт-Петербург
12473706,1,25.1.1988,Казань
13114022,1,27.1.1990,Москва
14283854,1,10.9.1984,Санкт-Петербург
16846257,1,7.9.1979,Новосибирск
21714822,1,9.9.1968,Санкт-Петербург
24610088,1,8.8.1985,Вологда
26225700,1,20.12.1988,Тихвин
26590493,1,4.3.1986,Кострома
28405743,1,13.2.1993,Ростов-на-Дону
29129821,2,18.1.1989,Озёры
33127972,2,13.5.1993,Тольятти
35896968,2,19.1.1983,Новосибирск
40552207,1,22.1.1994,Unknown
41146953,1,16.5.1992,Челябинск
41918044,2,15.2.1988,Донецк
44929434,1,21.10.1998,Вологда
45369944,2,23.12.1995,Липецк
45781902,2,1.12.1982,Севастополь
47578949,2,9.10.1990,Санкт-Петербург
51715219,1,10.1.1993,Челябинск
54982504,1,18.2.1997,Липецк
64924384,1,14.3.1967,Санкт-Петербург
68787874,1,24.5.1976,Магнитогорск
81826296,1,16.3.1989,Великий Новгород
82054617,1,27.7.1996,Санкт-Петербург
85953245,1,20.7.1992,Симферополь
86430745,1,31.3.1973,Ярцево
87083885,1,23.6.1996,Москва
94838609,1,30.11.1966,Череповец
95345106,1,9.7.1996,Вологда
102245093,1,27.9.1989,Севастополь
103501960,1,8.1.1993,Симферополь
104224116,1,28.3.1997,Москва
111589279,2,1.10.1990,Рязань
111987235,2,22.7.1988,Брянск
114984420,2,1.5.1994,Могилёв
118299762,1,30.5.1986,Кемерово
122263241,1,5.11.1982,Луганск
123391660,1,13.5.1986,Липецк
123683324,2,21.4.1983,Москва
132391536,1,23.4.1909,Пермь
132987932,1,17.2.1969,Узловая
133047521,2,3.1.1997,Невинномысск
136013028,1,12.1.1987,Архангельск
136061005,1,16.7.1988,Симферополь
137466609,1,14.8.1967,Unknown
137835102,1,25.9.1994,Москва
140378540,2,26.7.1995,Омск
143390175,1,16.11.1980,Луганск
144066344,1,27.1.1989,Туймазы
144285024,1,18.12.2001,Салават
146136870,1,5.5.1998,Unknown
147304951,2,26.7.1995,Unknown
147849686,1,14.5.1977,Севастополь
148224645,1,14.4.1987,Москва
149426611,1,4.5.2000,Барнаул
154635416,1,5.5.1986,Unknown
161521223,1,2.12.1961,Симферополь
162321436,2,3.8.1997,Челябинск
163081491,1,15.3.1995,Санкт-Петербург
164845659,2,13.6.2002,Минск
165870731,1,29.4.1991,Рыбинск
166666623,1,19.10.1983,Новокуйбышевск
166781293,1,22.10.1998,Санкт-Петербург
168470347,1,16.4.1972,Няндома
169733316,1,3.3.1992,Саратов
169751665,1,4.4.1984,Екатеринбург
173044240,1,31.8.1957,Ялта
185933791,2,20.7.1987,Москва
186098101,1,17.10.1986,Нижний Тагил
186857670,1,15.6.1990,Красноярск
188258370,1,18.5.1967,Бичурино
189878458,1,30.11.1975,Соликамск
190825457,2,16.4.1981,Симферополь
194900856,1,8.8.1978,Чухлома
198905274,1,29.10.1999,Unknown
200158596,1,3.7.2002,Хабаровск
200240520,1,21.8.1991,Санкт-Петербург
207438041,2,31.7.1988,Delhi
208101150,1,27.3.1994,Череповец
208303872,1,10.9.1972,Москва
210276652,1,8.8.1988,Санкт-Петербург
211518185,1,17.4.1983,Таганрог
217488818,1,28.10.2001,Дорогобуж
220828084,1,5.1.2000,Усть-Лабинск
221274557,1,19.11.1987,Калуга
222085052,2,31.12.1993,Одесса
227766864,1,7.4.2000,Комсомольск-на-Амуре
232317288,2,9.6.1990,Unknown
237122645,2,9.9.1980,Строкино
237602690,1,11.7.2000,Санкт-Петербург
246834717,1,17.9.2001,Unknown
250556348,2,20.6.1996,Нанагры
252966439,2,7.7.1976,Москва
254419408,2,12.6.1983,Копейск
255442274,1,5.2.2001,Дзержинский
256391603,1,7.2.1991,Шахты
258499728,1,21.3.2002,Сургут
259014670,1,1.1.2007,Unknown
262703470,2,1.5.2006,Магнитогорск
262846984,1,3.3.1999,Санкт-Петербург
263999835,2,22.5.1999,Unknown
266219618,1,23.10.2004,Unknown
267339858,2,12.6.1995,Unknown
267691612,1,15.2.1994,Москва
270718322,1,15.6.1958,Unknown
270760527,1,14.2.1981,Unknown
271341637,1,16.2.2000,Удомля
274206037,1,16.7.1994,Unknown
274670855,1,15.7.1989,Пенза
275268764,1,5.4.1986,Симферополь
285505958,1,21.2.2006,Unknown
288475694,2,2.12.1989,Саратов
292468866,2,2.9.1980,Москва
298299527,1,24.3.2004,Кольчугино
300319460,1,21.5.1998,Unknown
307847155,2,27.12.1963,Тула
308443994,1,8.3.2000,Нижний Новгород
309842931,1,7.9.2001,Астана
312155533,2,16.11.1971,Краснодар
313475675,1,16.10.1996,Краснодар
314133177,1,12.8.1992,Санкт-Петербург
316224958,1,3.2.1988,Unknown
316521196,1,31.12.1989,Великий Новгород
317138689,2,9.3.1991,Пермь
318280008,2,1.1.2002,Unknown
319975129,1,9.11.2003,Сургут
322775488,1,8.2.1965,Озёры
323037862,2,1.1.2000,Иркутск
323856271,1,30.4.1993,Москва
325604954,1,10.3.1985,Санкт-Петербург
326871362,1,10.7.2001,Unknown
327091670,1,14.9.1901,Вологда
332835696,1,4.6.1990,Unknown
334105011,2,24.3.1989,Санкт-Петербург
335305650,1,27.3.1986,Витебск
337994536,1,13.2.1988,Пермь
342456077,1,19.12.1982,Симферополь
344561360,1,17.6.1992,Симферополь
347358192,1,17.8.1987,Екатеринбург
354574179,2,17.10.1983,Санкт-Петербург
354688807,1,14.2.1992,Москва
357928242,2,1.8.1991,Екатеринбург
359128166,1,12.11.1991,Москва
363439738,1,30.10.1998,Мурманск
363649223,2,1.1.1990,Unknown
371276513,1,5.4.1986,Unknown
373827056,1,8.4.1992,Санкт-Петербург
374250041,1,12.7.2006,Unknown
374364489,2,20.5.1971,Севастополь
375055448,1,13.5.1998,Санкт-Петербург
376355528,1,15.5.1987,Unknown
376792237,1,7.7.1987,Unknown
379015050,1,6.2.1976,Москва
379516582,1,8.3.1999,Санкт-Петербург
380018030,1,12.9.1976,Unknown
381590815,2,28.10.2005,Новосибирск
386363790,1,13.9.1988,Владивосток
387960042,1,7.4.1996,Bristol
389048889,1,29.1.1981,Анапа
392393461,1,3.1.1974,Воронеж
393089765,2,15.7.1991,Липецк
395267150,2,1.8.1991,Пятигорск
395875024,1,30.12.1997,Unknown
399350617,2,2.3.1998,Unknown
399996667,1,14.8.2005,Улан-Удэ
404551379,1,7.4.2000,Unknown
408931691,2,8.7.1988,Unknown
410126983,1,23.1.1998,Unknown
411982634,1,22.8.2000,Unknown
414790254,2,15.6.1990,Unknown
415842447,2,9.6.1994,Тверь
417747745,1,25.10.1994,Казань
418873452,1,18.12.1997,Воронеж
421100478,2,7.7.2008,Калуга
424371351,1,6.7.1997,Unknown
428675398,1,26.11.2000,Ногинск
429083059,1,1.5.1998,Ногинск
430086321,1,2.7.1988,Москва
430917282,2,29.5.1972,Москва
431725720,1,8.12.2001,Unknown
435248681,2,20.11.1985,Уфа
435785855,1,23.5.2000,Шатура
436036446,1,25.4.2002,Краснодар
437253476,1,7.8.1996,Ногинск
441188800,1,17.8.1990,Unknown
445059174,2,9.4.1981,Москва
446137257,1,1.9.1980,Unknown
449458798,2,19.4.1990,Санкт-Петербург
449786423,1,14.1.2006,Воркута
451391343,2,30.1.1975,Ульяновск
451945360,1,14.2.1966,Дебесы
453783540,1,4.5.1992,Талица
454974031,1,3.1.1980,Тверь
455068978,2,19.2.1978,Москва
455393104,1,4.11.1967,Санкт-Петербург
456376273,2,21.7.1979,Москва
457515780,1,26.8.1979,Unknown
458361163,2,18.2.1980,Unknown
459992713,1,20.11.1970,Unknown
463455303,1,25.5.1979,Орёл
465245430,1,1.2.2003,Unknown
466149593,1,16.11.1902,Venezia
466470464,2,10.12.1902,Unknown
466956373,1,1.1.1983,Серпухов
467104662,2,24.7.1990,Unknown
468450909,1,8.9.1976,Нижний Новгород
469818843,2,12.6.1977,Воронеж
472663550,2,20.3.1980,Unknown
472835296,2,10.5.1990,Unknown
473809697,1,15.9.1995,Unknown
475446737,1,29.3.1988,Москва
476872284,1,19.7.1996,Пущино
479127702,1,5.4.1990,Санкт-Петербург
483297985,1,12.2.1989,Михайловск
483782591,2,10.2.1989,Москва
484785746,1,24.5.2003,Магнитогорск
486888111,2,13.5.1981,Москва
487717564,1,1.2.2005,Unknown
487912988,1,21.1.1983,Краснодар
488197265,1,13.12.1984,Unknown
488348143,1,23.9.1991,Unknown
488604492,1,1.1.1993,Витебск
489641180,2,31.8.1985,Архангельск
489978647,1,21.5.1999,Unknown
490649825,2,13.5.1990,Москва
491573034,1,26.2.2000,Unknown
492099758,1,31.12.1974,Ноябрьск
492836691,1,2.3.2006,Unknown
493129418,1,21.1.1998,Нижний Новгород
493144848,1,13.7.1989,Тобольск
493223060,1,12.3.1989,Unknown
494211599,1,20.4.1985,Гатчина
494412804,1,14.1.1989,Орёл
495874889,1,11.7.1983,Санкт-Петербург
496319992,2,10.9.1993,Unknown
496778880,2,21.9.1995,Unknown
498390369,1,4.6.1992,Baoding City
499457852,1,1.3.1977,Череповец
499629140,2,12.9.1988,Москва
500006079,1,25.11.1996,Арзамас
501480248,2,16.6.2003,Unknown
501563985,1,26.11.2010,Unknown
504222921,2,20.3.1984,Москва
504479739,1,30.4.1999,Ташкент
505284781,2,1.5.1980,Тюмень
505526341,2,24.7.1988,Пермь
506503988,1,2.4.1980,Екатеринбург
508308043,2,26.9.1975,Unknown
509953936,2,7.11.1981,Москва
510804426,1,31.3.2000,Петрозаводск
510898134,2,4.8.1998,Екатеринбург
511538383,2,13.8.1987,Тольятти
512912977,1,23.5.2004,Unknown
514344356,1,4.3.1993,Unknown
514600640,1,11.10.1985,Воронеж
514884823,1,1.2.2004,Unknown
515328075,1,20.2.1987,Архангельск
515710118,1,26.6.1995,Жуковский
515839683,1,29.12.1991,Москва
515931510,2,2.8.1990,Мурманск
516694289,1,1.1.1997,Донецк
516722393,1,16.11.1990,Екатеринбург
517591894,1,6.5.1974,Балашиха
518632373,1,1.1.1992,Уфа
520961224,1,26.4.1978,Ялта
521576664,1,3.9.2003,Воскресенское
521709339,1,15.1.1973,Москва
525859305,1,4.8.1993,Unknown
526259703,1,6.8.1990,Симферополь
526412524,2,10.10.1997,Unknown
527067800,1,16.4.2005,Челябинск
527539062,2,7.6.1999,Unknown
528432834,2,22.10.1985,Самара
529003694,1,10.6.2000,Москва
529224548,1,26.6.2004,Москва
530434930,2,29.11.1969,Пермь
530578522,2,1.1.1991,Воронеж
530728204,2,15.10.1995,San Francisco
531398626,2,22.4.1979,Unknown
531405349,2,4.4.1990,Unknown
532054748,1,20.7.1984,Москва
534039401,1,7.8.1987,Москва
534045349,1,9.4.1990,Казань
535012380,1,1.4.1986,Москва
536395818,1,4.1.1987,Unknown
538345090,1,10.3.1992,Санкт-Петербург
539080386,2,24.6.1997,Unknown
539273999,1,3.4.2000,Unknown
539351202,2,12.6.2008,Unknown
540430193,1,3.4.2005,Unknown
540461946,1,3.10.2000,Великий Новгород
541719306,2,11.5.1986,Unknown
542141633,2,20.5.1979,Unknown
543701470,2,1.4.1988,Unknown
544218931,2,11.4.1987,Москва
545142261,1,30.12.1984,Unknown
546735496,1,6.10.1969,Пенза
546978562,1,13.9.1986,Балаково
547326808,2,1.2.1998,Unknown
548641339,2,7.1.1994,New York City
549154361,1,23.8.1978,Мурманск
549815048,2,7.7.1988,Unknown
551318999,1,19.6.1969,Евпатория
551403181,1,26.3.2003,Шагаево
551870345,1,28.7.1985,Санкт-Петербург
553209900,2,12.10.2002,Москва
553898349,1,27.9.1992,Unknown
553905125,1,22.9.2005,Сыктывкар
554098258,1,20.8.1987,Воткинск
554501032,1,4.4.1995,Valencia
554585721,1,22.3.2005,Unknown
559337814,1,16.6.1985,Unknown
559585878,1,13.1.1986,Санкт-Петербург
559600354,1,5.9.1990,Симферополь
559882851,2,8.12.1981,Unknown
560134663,1,26.10.2005,Санкт-Петербург
560561283,2,31.12.1902,Ростов-на-Дону
561534151,1,4.3.1985,Москва
562218083,1,2.4.1982,Ижевск
562676551,2,18.6.2001,Санкт-Петербург
565229737,2,16.1.2006,Unknown
565878052,1,14.2.1984,Октябрьский
567778966,1,29.11.1978,Ногинск
568380556,2,20.11.2005,Ростов-на-Дону
569158559,1,10.7.1988,Севастополь
569753052,1,24.8.1992,Unknown
570150784,1,7.7.1997,Unknown
570543598,2,21.8.1989,Тюмень
570710045,1,6.8.2001,Unknown
570744000,2,2.6.2006,Unknown
573002418,2,12.1.1990,Москва
573002506,1,4.1.2001,Ставрополь
573596344,2,3.3.1994,Нижний Новгород
573886068,1,18.5.1980,Unknown
574369078,1,15.1.2007,Unknown
574577691,1,17.12.1982,Вологда
575416497,1,30.4.1993,Roma
578657379,2,17.5.2000,Аша
578773055,2,24.12.1988,Череповец
579676814,1,10.1.1988,Санкт-Петербург
580601457,1,12.1.2006,Москва
580619765,2,1.1.1960,Unknown
581474913,2,3.3.1988,Краснодар
581892950,1,6.9.1990,Мичуринск
582283003,1,22.3.2002,Unknown
582951767,1,23.4.1988,Unknown
583043121,1,4.4.1998,Unknown
583557061,1,14.2.2001,Unknown
584932008,2,25.2.1905,Unknown
585127871,1,30.6.1988,Челябинск
585641419,2,3.3.2006,Волжский
587233842,2,6.7.1993,Екатеринбург
587475228,2,2.3.1987,Unknown
587940827,2,18.1.2000,Ростов-на-Дону
589209096,1,17.7.2007,Unknown
589498817,2,16.8.2005,Unknown
589844263,1,21.12.2007,Unknown
589864634,1,2.12.2005,Unknown
589960667,2,26.5.1981,Краснодар
590829852,2,7.1.2003,Unknown
591356551,1,6.4.2006,Unknown
592659837,1,15.4.1980,Unknown
592940925,1,22.6.2007,Unknown
595189278,2,16.11.2002,Unknown
595268174,2,7.7.1977,Buenos Aires
595587354,1,29.2.1984,Рассказово
596007378,1,6.7.2002,Москва
596036974,1,18.11.2004,Unknown
596106395,1,11.3.1997,Москва
596264235,1,27.6.1992,Оса
596394383,1,27.6.1989,Вологда
596714217,2,14.7.1986,Ростов-на-Дону
597988447,1,11.12.1985,Unknown
598992003,1,24.5.1991,Казань
599059535,1,16.11.1980,Москва
599751475,2,11.2.1989,Москва
599817618,1,10.12.1994,Красноярск
600268677,2,4.7.1988,Unknown
601361879,1,24.8.1982,Волгоград
601802853,1,29.5.2006,Unknown
602285294,1,7.1.2007,Unknown
602515662,1,19.8.2003,Санкт-Петербург
603277891,1,21.9.2005,Unknown
603549512,1,4.3.2001,Кизел
604450606,1,17.6.2006,Unknown
604891124,1,10.8.2005,Санкт-Петербург
604946538,2,22.3.1974,Москва
605543167,1,15.10.2000,Челябинск
606213958,2,1.1.1996,Нижний Тагил
606394262,1,7.7.1997,Екатеринбург
606395206,1,1.2.1998,Екатеринбург
606596306,1,6.8.1988,Москва
606756600,2,8.11.1975,Курск
607337205,1,13.5.1995,Unknown
607580164,1,6.11.2005,Unknown
608425600,1,24.2.1992,Сочи
608497637,1,3.12.1982,Санкт-Петербург
608932839,1,1.3.1995,Unknown
610399026,1,1.3.1980,Тверь
610719178,1,20.5.1987,Unknown
610823815,1,16.1.1975,Санкт-Петербург
610938475,1,10.5.1985,Воронеж
611050558,1,20.8.1990,Санкт-Петербург
611812261,1,9.5.1978,Вологда
611935066,2,4.4.1972,Новосибирск
613991451,1,12.8.2005,Unknown
614130076,1,23.12.1998,Канск
615613261,1,24.7.2002,Unknown
616086339,2,5.2.1991,Unknown
616431388,1,11.12.1996,Санкт-Петербург
616475572,2,25.8.1970,Unknown
616602640,1,20.10.2006,Unknown
617556719,1,22.10.2007,Unknown
618814704,1,2.3.1986,Ростов-на-Дону
620302464,1,13.1.1985,Москва
621005487,1,16.11.2005,Алчевск
621637817,2,6.6.1967,Unknown
622230400,1,15.11.2006,Опарино
622327126,2,7.10.1979,Рязань
623641870,1,25.6.2008,Unknown
624226186,2,20.11.2004,Санкт-Петербург
624970639,1,2.2.2000,Москва
625232600,2,8.6.1995,Москва
625426061,1,22.4.2006,Москва
626602445,2,19.8.2000,Unknown
627275243,1,13.1.2009,Ульяновск
627323838,2,5.12.1997,Санкт-Петербург
628174115,1,15.9.1995,Курган
628579529,1,27.9.1981,Санкт-Петербург
628859206,1,23.2.1992,Феодосия
629442839,1,21.2.1997,Бородино
629715523,1,23.5.2008,Unknown
629832770,2,6.3.1981,Москва
629952906,1,18.7.2007,Unknown
630443442,2,6.6.1987,Санкт-Петербург
630674234,1,5.1.2003,Хрустальный / Красный Луч
630792584,2,11.11.1974,Санкт-Петербург
631207346,1,8.4.1997,Unknown
631537043,2,24.6.1930,Москва
631557925,1,16.8.2000,Unknown
632756226,1,1.10.1985,Москва
634478967,1,5.1.1980,Unknown
634566910,1,1.8.1981,Орёл
635371604,1,8.1.2006,Москва
635830426,1,14.12.2006,Unknown
638060747,2,1.6.1990,Набережные Челны
638068460,1,1.11.1996,Москва
639848627,1,4.1.1987,Unknown
640128396,1,3.11.1976,Unknown
640204853,1,26.11.1964,Иваново
640460601,1,17.7.2010,Unknown
640666830,1,22.7.1987,Unknown
641086822,1,22.11.1990,Unknown
641113322,2,23.9.1992,Екатеринбург
641875014,1,25.1.1987,Москва
642524205,1,20.3.2003,Unknown
643009784,2,24.2.1990,Архангельск
643653489,1,11.4.1991,Unknown
645911587,1,19.7.1977,Санкт-Петербург
646025439,1,5.6.1986,Москва
646524176,1,19.7.1977,Ярославль
647222039,1,19.7.1977,Ростов-на-Дону
647307098,2,15.5.1990,Unknown
647714692,1,25.3.2005,Unknown
648237071,2,10.8.1978,California Heights
648882737,1,28.2.1977,Ярославль
649743764,1,19.4.1984,Донецк
649778211,1,21.12.2001,Рай (деревня)
650104295,1,6.6.2000,Казань
650488435,2,6.2.1991,Тамбов
650580780,2,5.7.1991,Москва
651057916,2,23.8.1990,Курск
651127129,2,13.12.1998,Belo Horizonte
651465995,2,16.7.1990,Москва
651542170,2,1.4.1993,Москва
652476252,1,30.7.1993,Unknown
653132523,2,4.5.2003,Unknown
653675777,1,17.3.2007,Спасск-Дальний
655254718,2,17.4.1985,Москва
655858307,1,15.9.1996,Unknown
656750641,1,11.8.1997,Череповец
657826550,1,1.7.1992,Новосибирск
658046572,1,4.8.1987,Волгоград
658587574,2,19.9.1987,Unknown
658746135,2,1.5.1991,Санкт-Петербург
658825329,2,7.5.1916,Unknown
659818409,1,1.8.1901,Unknown
660308134,1,3.12.1989,Unknown
661992635,1,23.10.2009,Unknown
663420136,1,9.9.1988,Unknown
663489788,1,11.7.2003,Unknown
663560501,1,20.12.1995,Unknown
663648802,1,17.12.2000,Курск
664559126,1,25.3.1989,Тольятти
665679511,1,1.5.1992,Unknown
665896754,2,1.1.1990,Москва
665941292,1,27.7.2000,Unknown
666610352,1,15.11.2003,Unknown
668638521,2,5.3.1987,London
668719298,1,13.9.1945,Unknown
668784541,1,19.4.1996,Unknown
669081376,1,8.8.1995,Томск
669796183,1,20.6.2010,Unknown
669853062,1,8.8.2007,Unknown
671351237,1,1.10.1978,Москва
671569624,2,21.8.2004,Москва
671578587,2,17.12.1968,Санкт-Петербург
671814354,1,18.7.1989,Минск
671864037,1,30.10.2006,Unknown
672706786,1,27.12.2006,Unknown
672741120,2,4.11.1985,Саитбаба
673050968,1,5.3.1982,Воронеж
673518744,1,8.8.1963,Воронеж
673866795,2,13.8.1987,Тольятти
674023689,1,12.1.2007,Вершино-Дарасунский
674145030,1,14.12.2006,Челябинск
674535116,2,20.3.2008,Unknown
674587313,1,12.9.1971,Unknown
674706960,1,1.9.2007,Unknown
675803054,1,19.8.2002,Брянск
675958305,1,25.3.1995,Липецк
676488295,2,22.9.2007,Москва
676836676,1,6.2.2002,Unknown
678155373,1,23.12.1986,Рязань
678507384,1,6.2.1976,Unknown
678951772,1,6.10.2003,Unknown
679583369,2,17.7.1996,Москва
679837597,1,9.10.1981,Unknown
680385926,1,7.10.1995,Unknown
680807726,2,17.5.1981,Казань
681078905,2,12.12.1992,Unknown
682080182,1,1.12.2000,Астана
682252897,1,8.6.1989,California Heights
682322214,1,2.11.2007,Unknown
682391091,1,23.10.2000,Москва
682519478,1,27.12.2007,Волгоград
683095239,1,17.7.2000,Unknown
683150816,1,13.7.1980,Санкт-Петербург
684048818,1,5.10.1998,Unknown
684127437,1,20.2.2002,Unknown
684273823,1,25.8.2000,Unknown
685049935,2,20.6.1966,Рязань
685576608,1,4.5.1993,Unknown
686320078,2,25.6.1992,Челябинск
686400947,1,8.11.2007,Unknown
686454743,1,19.6.2005,Кемерово
686553107,1,15.12.1984,Unknown
687216828,2,29.5.1992,Москва
687425236,1,13.11.2007,Unknown
687616806,1,6.5.1982,Пермь
688596828,1,25.11.1983,Новый Оскол
688983372,2,12.10.2000,Пермь
689743803,1,25.11.2007,Unknown
689870632,2,5.3.1999,Санкт-Петербург
690098102,1,1.10.1995,Москва
690101027,2,15.5.1998,Unknown
691263862,1,6.7.1996,Москва
691422728,1,18.3.1987,Москва
691862445,1,17.6.1977,Москва
692026042,2,1.12.1998,Москва
693141457,2,28.6.1969,Красноярск
693463287,2,15.3.1987,Unknown
693902579,1,19.7.1995,Санкт-Петербург
694289362,2,8.9.2004,Unknown
694411980,2,17.5.1991,Москва
694464997,1,25.10.2006,Unknown
694659149,1,14.4.2007,Unknown
695231355,1,6.7.1994,Unknown
695535975,1,30.12.1987,Unknown
696308631,1,10.1.1978,Москва
696334737,1,29.3.2007,Unknown
697152160,1,4.4.1990,Омск
697169557,1,29.4.2007,Unknown
697878624,2,13.11.2001,Канаш
698016383,1,15.2.1998,Ногинск
698515810,2,23.1.1984,Рыбинск
698734510,1,5.7.1983,Unknown
698802507,2,13.10.1999,Unknown
698830021,1,5.6.1901,Unknown
698900677,2,26.1.1993,Unknown
698924754,1,31.12.1983,Зеленоград
699151146,2,3.4.1992,Unknown
699580292,1,23.6.2002,Unknown
699894423,1,1.1.1993,Санкт-Петербург
699948259,1,21.1.2002,Ижевск
699975123,2,3.4.1986,Новороссийск
700613068,1,17.11.2001,Unknown
700976209,2,10.9.1999,Тюмень
701745301,1,2.12.1994,Unknown
702168630,1,2.7.2007,Unknown
702615817,2,13.12.1981,Челябинск
703177555,2,8.3.1988,Санкт-Петербург
703263171,1,18.1.1991,Unknown
703347049,1,6.2.1996,Москва
703408460,2,13.5.2001,Санкт-Петербург
703907431,2,1.1.1985,Unknown
704440053,1,26.1.1998,Unknown
704484307,1,18.1.2000,Unknown
704858197,1,13.4.1982,Unknown
705313687,1,5.2.1995,Москва
705571653,1,20.4.2000,Москва
706060617,2,2.2.2002,Unknown
706953119,2,16.7.2000,Unknown
707204492,1,19.12.1980,Санкт-Петербург
707295445,1,23.4.1959,Unknown
707357328,1,16.4.2009,Unknown
707971123,1,9.6.2006,Unknown
708014580,1,9.3.2008,Санкт-Петербург
708391691,1,4.3.2000,Пенза
709253686,1,3.6.2008,Unknown
709413142,1,8.3.2000,Unknown
709865503,2,10.2.1995,Москва
710322145,2,1.3.1991,Санкт-Петербург
710456748,1,11.3.1982,Unknown
710605810,1,6.8.1983,Unknown
710751976,1,27.1.2000,Москва
711154508,1,15.5.1982,Сочи
711391684,1,12.11.1996,Unknown
711440403,1,22.3.1988,Unknown
711613324,2,13.1.2008,Unknown
711673077,1,13.3.1997,Екатеринбург
712251845,1,6.5.1989,Unknown
712727302,1,2.2.1991,Благовещенск
713468303,1,27.3.2001,Нижний Новгород
713638464,1,13.7.1997,Архангельск
713746874,1,11.3.1990,Unknown
713835529,1,20.7.1989,Unknown
714091838,2,7.6.1991,Unknown
714163949,1,2.10.2007,Unknown
714259766,1,22.12.2007,Unknown
714400904,1,1.1.1990,Москва
714520658,1,24.3.2004,Unknown
715070353,1,17.11.2003,Красноперекопск
715333625,1,2.10.2007,Unknown
715817114,1,29.3.1995,Unknown
715817607,2,1.3.1995,Unknown
716273759,1,23.10.2008,Unknown
716421473,1,10.9.2009,Unknown
716611316,1,30.11.1953,Unknown
717355127,1,8.2.2003,Unknown
717647772,1,4.6.1991,Unknown
717912228,2,11.7.2001,Unknown
718251695,1,25.9.1998,Unknown
718380574,1,9.4.2008,Unknown
718396782,1,2.3.1985,Unknown
718782121,1,15.2.2008,Черняховск
718841653,1,15.7.1998,Unknown
719624450,1,1.9.1988,Воронеж
719814135,1,10.5.1998,Unknown
720066327,1,29.4.1991,Unknown
720226696,2,22.3.1993,Unknown
720230810,1,13.11.1983,Севастополь
720693546,1,19.9.1995,Unknown
721021498,2,23.2.1990,Unknown
721062247,1,1.1.1985,Unknown
721294650,1,22.12.2001,Москва
721407604,1,1.1.1990,Санкт-Петербург
721590058,1,10.11.2009,Unknown
721622413,1,27.4.2003,Unknown
722118632,1,27.1.2008,Unknown
722798564,1,21.8.1985,Unknown
722821195,1,10.5.1997,Unknown
722875642,1,30.4.1986,Москва
723301795,1,29.8.2004,Unknown
724573202,1,7.6.1990,Unknown
728329484,1,11.4.1992,Москва
728369561,1,2.8.2008,Unknown
728569663,1,6.5.2008,Unknown
729193136,2,1.1.2000,Unknown
729285751,2,11.12.1974,Санкт-Петербург
730316439,1,28.10.1989,Сочи
730405626,2,15.3.1985,Москва
730532614,1,5.8.2003,Unknown
730717605,1,23.2.1988,Unknown
730881453,2,12.9.1988,Unknown
730898010,2,11.6.2003,Нефтекамск
731085708,2,5.9.1957,Unknown
731359092,1,11.10.1999,Unknown
732184140,1,3.12.2007,Москва
732193885,1,5.5.1990,Unknown
732461903,1,1.2.2000,Unknown
732652163,1,8.3.1990,Unknown
732935020,1,29.1.1985,Unknown
733387506,2,27.6.1994,Пермь
733600155,1,30.8.2007,Москва
733720869,1,10.8.1980,Unknown
733735408,1,25.4.1992,Unknown
733921991,1,11.9.1989,Unknown
734678438,1,6.9.2007,Unknown
734996768,1,1.6.1992,Ногинск
735097578,1,2.6.2003,Unknown
735334988,1,3.7.1984,Пермь
735496951,2,1.5.1990,Unknown
735589794,1,8.4.1990,Волгоград
736159291,2,1.1.1986,Казань
736725391,1,21.3.2008,Unknown
737829862,1,2.6.1996,Unknown
738403974,1,17.4.1998,Unknown
738845312,1,10.8.1990,Unknown
739507984,1,23.2.2007,Лангепас
739710771,2,6.8.1994,Unknown
739716982,1,13.3.1993,Санкт-Петербург
739794787,1,7.8.1998,Unknown
740605312,1,12.12.2000,Unknown
740605620,1,2.6.1998,Unknown
740611245,1,6.8.1990,Рошаль
740694202,1,29.2.2000,Unknown
740760906,1,16.3.2002,Unknown
740919418,2,6.1.2000,Unknown
741669055,1,27.7.1999,Unknown
741802353,1,1.2.2000,Unknown
741902132,1,23.7.2010,Unknown
742015410,1,14.8.2004,Unknown
742546953,1,18.9.1988,Волгоград
743036641,1,1.4.1989,Unknown
743072743,1,18.4.1988,Unknown
743129877,2,1.8.2000,Санкт-Петербург
743323844,1,18.12.2001,Красноярск
743433990,2,5.5.1995,Москва
743541880,1,15.3.1990,Unknown
743762435,1,28.8.2004,Unknown
744005910,1,26.5.1969,Unknown
744576784,2,16.8.1961,Unknown
745060412,1,27.6.2008,Unknown
746491264,1,15.4.1991,California Heights
747204244,1,29.8.2008,Unknown
747275377,1,9.7.1998,Unknown
747325419,1,9.6.2000,Ижевск
747716046,1,16.7.2006,Unknown
747897257,1,5.5.2009,Unknown
748291561,2,23.9.1998,Владивосток
748715930,1,7.9.1982,Ярославль
748918376,1,24.9.2009,Unknown
748975205,2,13.6.1997,Unknown
749291432,2,16.10.1998,Unknown
749555189,2,13.12.1987,Москва
749635076,2,22.4.1990,Казань
749650087,1,3.3.1990,Unknown
750085835,1,19.9.1975,Unknown
750124353,1,25.2.1983,Великие Луки
750452656,1,9.9.1995,Unknown
750526438,1,1.9.2000,Unknown
750539330,1,14.8.1995,Казань
750865181,1,11.2.2001,Куровское
751355500,1,13.5.2007,Unknown
751625353,1,6.11.1988,Unknown
751975254,1,25.1.2008,Unknown
752051784,1,8.8.2009,Unknown
752136921,2,14.1.2004,Unknown
752917600,1,28.6.2005,Unknown
753068040,1,16.10.2008,Unknown
753686329,1,2.5.1994,Ногинск
753891171,1,7.8.2002,Unknown
754115057,1,8.5.1990,Ногинск
754231503,1,28.8.2009,Назарово
754263104,1,13.1.2000,Unknown
754373173,1,5.4.2008,Unknown
754577852,1,1.11.2001,Unknown
754672874,1,16.11.1992,Unknown
754813119,1,16.5.1989,Челябинск
755337724,1,25.12.1997,Unknown
755883809,1,30.3.1995,Чита
755903408,1,24.9.2008,Unknown
756033330,2,27.8.1987,Unknown
756206392,1,14.5.1990,Санкт-Петербург
756373996,1,14.6.1995,Unknown
756771985,1,15.12.1995,Unknown
756994641,1,13.6.1978,Москва
757110563,2,30.10.1975,Unknown
757402287,1,31.12.1994,Unknown
757708164,2,25.3.1997,Unknown
757711444,1,6.7.1998,Москва
758135116,1,27.5.2003,Unknown
758540318,1,6.7.1998,Ногинск
758867980,1,29.10.1999,Unknown
758877673,1,1.11.1999,Unknown
759063324,2,1.5.1990,Unknown
759077709,1,25.11.2001,Unknown
759135515,1,24.2.1999,Unknown
759232521,1,1.1.1909,Пермь
759454229,1,16.12.2001,Ижевск
759494974,2,31.1.2007,Зеленоград
759639634,1,12.5.2004,Unknown
760084130,2,6.7.1983,Unknown
760151272,1,28.11.2003,Unknown
760208716,1,16.9.2000,Unknown
760263231,1,19.5.2009,Unknown
760377023,1,19.12.2000,Unknown
760451644,2,6.11.1995,Unknown
761143526,2,6.6.1999,Уфа
761705686,2,3.1.1986,Unknown
761865600,1,6.12.1985,Ногинск
761869673,1,20.12.1999,Unknown
762129377,1,25.3.1995,Unknown
762562146,1,8.12.1991,Тверь
762969250,1,27.10.2001,Unknown
763071083,1,8.6.1993,Тверь
763212558,1,7.9.1985,Unknown
763267072,1,3.8.1990,Unknown
763602518,1,2.12.2001,Unknown
763677957,2,28.6.1992,Unknown
763712113,1,17.6.2007,Unknown
763863181,1,9.4.1986,Краснодар
764172485,1,25.12.1999,Unknown
764308326,1,10.12.1998,Unknown
764686811,1,27.11.1996,Ногинск
764758660,1,23.11.1997,Unknown
765191670,1,15.12.2000,Unknown
765791875,1,29.12.1998,Unknown
766150965,1,2.12.2000,Unknown
766607407,1,21.12.2008,Unknown
766813489,1,9.9.1993,Unknown
766870713,1,3.12.1999,Unknown
767334343,1,15.3.1911,Unknown
767638607,1,31.12.1983,Unknown
767778230,2,3.6.1985,Unknown
767963172,2,22.7.1985,Unknown
769246179,2,15.2.1977,Екатеринбург
769331851,2,14.4.1990,Москва
769557694,1,9.11.2008,Unknown
770019260,1,15.9.2010,Unknown
770416405,2,7.12.2001,Unknown
770450830,1,5.7.2008,Unknown
770598716,1,10.1.1990,Тверь
770727604,1,15.9.1995,Калининград
771062854,1,9.7.1999,Unknown
771737091,1,25.12.1997,Красноярск
772029696,1,14.4.1985,Санкт-Петербург
772443270,1,16.8.2000,Unknown
772677611,2,7.7.2003,Unknown
773079109,2,1.1.1994,Unknown
773147074,1,31.1.1999,Unknown
773437111,1,11.10.2008,Unknown
773949099,1,2.7.2009,Unknown
774250894,1,31.12.2002,Unknown
774895533,1,12.12.2004,Unknown
775008948,1,12.12.2000,Unknown
775037379,1,3.12.1997,Калининград
775645124,1,11.4.2010,Unknown
775850198,1,17.3.2006,Unknown
775865719,1,8.3.2003,Unknown
776485565,1,5.1.2009,Unknown
776485863,2,14.3.1995,Unknown
776999296,2,14.2.1995,Омск
777344779,1,14.4.1990,Санкт-Петербург
777866337,1,22.1.2000,Unknown
777995055,1,14.12.1988,Unknown
778203344,2,3.12.1986,Новосибирск
778414783,1,11.9.1984,Новосибирск
778569003,1,6.7.2001,Минск
778642465,2,18.5.2005,Рязань
778843589,1,30.4.2008,Красноярск
778972177,2,16.6.1971,Unknown
779271439,1,16.11.1920,Unknown
779523931,1,13.3.2006,Unknown
779612568,1,14.4.1990,Санкт-Петербург
779624662,1,19.5.1982,Москва
779878336,2,19.2.1974,Unknown
779979633,1,1.4.1991,Unknown
780096134,1,18.11.2001,Челябинск
780299841,2,29.5.2005,Ставрополь
780387727,1,22.12.2008,Unknown
780919485,2,20.4.1999,Москва
781326973,1,9.11.2007,Unknown
781492403,2,12.5.2000,Псков
782255214,1,10.12.2004,Unknown
782318935,1,15.8.1973,Unknown
782653370,1,8.2.2000,Unknown
782693086,1,6.3.2004,Москва
782831939,1,20.1.1985,Челябинск
783200022,1,8.7.2005,Unknown
783434241,1,12.12.1996,Unknown
784202227,2,14.2.1989,Unknown
784311227,2,12.9.1988,Подольск
784697421,1,21.6.1999,Unknown
785291760,1,30.4.2000,Unknown
785617086,1,3.8.2008,Unknown
785838773,2,11.8.1994,Unknown
785953789,2,3.4.1982,Unknown
786204483,1,17.1.1988,Unknown
786400659,1,20.1.1992,Челябинск
786405716,2,27.11.1986,Симферополь
786431160,1,7.1.2004,Unknown
786583304,1,18.5.1983,Unknown
786675747,1,2.4.2001,Unknown
786873308,1,16.1.2005,Unknown
787173529,1,23.10.1999,Unknown
787337825,2,13.3.2008,Unknown
787367419,1,10.5.1990,Челябинск
787627104,1,10.5.1989,Unknown
787769966,1,15.10.2004,Unknown
788699345,1,25.10.1997,Екатеринбург
788837938,1,10.10.2003,Unknown
789624776,2,15.8.2000,Unknown
789654008,1,20.12.2008,Unknown
789730964,2,26.3.1981,Unknown
789820677,1,14.7.2000,Unknown
789916998,1,7.7.2007,Unknown
790301077,1,8.8.2008,Шебекино
790646210,1,14.3.1977,Unknown
790912838,1,17.7.1985,Череповец
791300138,2,1.9.1950,Unknown
791713647,2,1.1.2001,Агидель
792007526,2,24.3.1989,Unknown
792900153,1,2.8.1985,Unknown
793957811,1,1.8.1988,Unknown
794577149,1,20.5.1995,Brisben
795098250,2,13.9.1999,Unknown
795186086,1,7.3.2000,Unknown
795193366,1,2.4.2000,Unknown
795743123,2,18.5.1989,Unknown
795796855,1,24.6.1993,Unknown
795925792,1,11.1.2000,Unknown
796008338,1,8.5.2007,Unknown
796166451,1,28.3.2000,Unknown
796182679,2,29.5.2005,Unknown
796906284,1,7.7.1977,Москва
797022998,2,4.6.2008,Unknown
797101525,1,3.7.2005,Unknown
797488495,1,17.9.1990,Челябинск
797579966,2,22.2.1980,Unknown
797829217,1,21.1.2001,Unknown
798315148,2,29.12.2000,Дивногорск
798894396,1,24.1.2007,Unknown
798917086,1,31.3.2000,Unknown
799217917,1,4.2.1997,Тверь
799222852,1,12.5.2001,Казань
799243356,1,16.9.1998,Unknown
799310528,1,30.1.2000,Unknown
799330359,1,2.8.1995,Ногинск
799384223,2,28.6.1992,Unknown
799387845,1,10.11.1995,Вологда
799437032,2,26.4.1995,Unknown
799517857,1,25.8.2002,Unknown
799598021,1,25.9.1993,Елец
799817276,1,10.2.2010,Unknown
799940752,1,1.6.1988,Калуга
800217782,1,17.3.1996,Вологда
800463418,2,8.4.2000,Tokyo
800661018,2,25.8.1970,Санкт-Петербург
800905688,1,4.1.1984,Иваново
801303778,1,21.6.2001,Unknown
801306444,1,9.6.1982,Unknown
801388891,1,17.6.2002,Новосибирск
801505183,2,13.11.1980,Ростов-на-Дону
801706933,1,12.12.1991,Unknown
802164268,1,18.11.2005,Unknown
802201147,2,28.10.1982,Севастополь
802226594,1,11.1.2003,Вологда
802339670,1,19.3.2009,Unknown
802411057,1,14.8.1993,Тверь
802554423,1,1.6.2000,Сыктывкар
802812905,1,23.6.1992,Рязань
802859981,1,15.7.1975,Unknown
803002654,2,1.12.1990,Нижний Новгород
803282942,1,12.6.1995,Unknown
803645524,1,22.4.1995,Уфа
803802350,1,28.10.1989,Сочи
803997614,1,23.4.2003,Unknown
804048782,1,18.8.2000,Unknown
804524719,1,15.5.2001,Москва
805059270,1,14.5.1990,Санкт-Петербург
805224128,2,29.5.2009,Unknown
805725741,1,31.5.1997,Unknown
805835914,1,25.10.1987,Unknown
805890723,1,3.1.1986,Москва
805968663,2,28.6.1992,Unknown
806132566,1,19.6.1983,Unknown
806309963,1,6.12.2008,Unknown
806572990,2,9.12.1988,Москва
806951532,1,1.3.2009,Unknown
807323869,2,9.1.1994,Unknown
807408546,2,5.1.1988,Санкт-Петербург
807939770,1,22.11.2007,Unknown
808174314,1,24.6.2005,Unknown
808291060,1,31.5.1986,Unknown
808610501,1,8.11.2001,Unknown
809131277,1,20.6.2000,Ижевск
809394137,1,28.3.2001,Санкт-Петербург
810953839,1,14.4.1995,Санкт-Петербург
812382048,1,4.7.2009,Unknown
812839905,1,14.1.1999,Unknown
812949567,1,1.1.1902,Unknown
813033669,1,24.7.2007,Unknown
813094333,1,15.7.2000,Unknown
813343257,1,22.8.1993,Unknown
813356968,1,20.6.2010,Unknown
813450365,1,18.7.2008,Unknown
813490589,1,14.4.1980,Санкт-Петербург
813680243,2,17.7.2000,Москва
813871183,2,23.11.1986,Санкт-Петербург
813903515,1,24.9.2006,Unknown
813930848,1,15.6.2003,Unknown
813952548,1,4.10.2000,Unknown
814480352,2,3.7.1999,Unknown
814609638,1,13.9.1999,Москва
814649610,1,25.6.2003,Unknown
814653622,1,25.2.2009,Unknown
815175229,1,14.4.1999,Unknown
815175643,1,14.4.1995,Санкт-Петербург
815229181,2,4.1.1998,Hong Kong
815555524,1,14.4.1996,Unknown
815615908,1,24.5.2007,Unknown
815861498,1,1.1.1997,Екатеринбург
816951519,1,8.8.2003,Unknown
817591201,1,11.3.2008,Unknown
818206931,1,12.5.2004,Unknown
818283074,1,30.4.2000,Unknown
818605210,2,3.4.2004,Unknown
819029471,2,11.11.2000,Unknown
819297105,1,2.9.1995,Unknown
819324390,1,6.2.1996,Unknown
819717530,1,22.8.2008,Unknown
819794888,1,21.7.2007,Unknown
820198887,1,26.7.2004,Unknown
820201836,1,27.6.1991,Unknown
820714729,1,14.4.1993,Санкт-Петербург
821402702,1,16.9.1998,Азинский
821996824,2,2.3.2000,Unknown
823052326,1,9.4.2003,Unknown
823068701,1,5.5.2003,Unknown
823113419,1,1.1.2001,Unknown
823508506,1,23.7.1963,Unknown
823539128,1,27.10.2009,Unknown
823551570,1,15.4.2001,Санкт-Петербург
823551792,1,17.8.1995,Санкт-Петербург
823551975,1,17.7.1987,Санкт-Петербург
823683417,1,10.8.2006,Ростов-на-Дону
824108369,1,27.7.2002,Unknown
824108594,1,21.4.2009,Рязань
824128709,1,5.5.2006,Unknown
824565277,1,14.5.2009,Unknown
824833330,2,20.5.2002,Москва
824875329,1,18.6.1989,Unknown
824903869,1,13.8.2000,Unknown
825050500,1,3.5.1998,Кизел
825129079,1,23.12.1988,Unknown
825641291,1,9.2.2003,Unknown
825858327,1,25.4.2006,Воронеж
826022291,1,7.1.1978,Unknown
826543226,1,6.6.1998,Unknown
826983603,1,17.7.1997,Санкт-Петербург
827087697,1,22.2.2004,Unknown
827466376,1,17.1.2003,Unknown
828124486,2,8.11.2003,Менделеевск
828330540,1,18.6.2006,Unknown
828599698,1,25.3.1990,Краснодон село
828763136,2,5.9.1987,Unknown
828886013,1,6.6.2000,Unknown
828917470,1,29.3.2000,Unknown
828991406,1,11.1.2003,Unknown
830030398,1,4.3.2004,Unknown
830078509,1,21.12.2002,Unknown
830383016,1,3.11.1999,Unknown
830783489,1,26.3.2000,Unknown
830945185,1,9.7.2000,Москва
832784942,1,14.6.1986,Unknown
833344018,1,6.7.1995,Unknown
836161708,1,14.1.2005,Москва
836443557,1,1.9.1994,Unknown
837784833,1,5.6.2000,Unknown
837856473,2,22.1.1987,Пермь
839542914,1,28.6.2010,Unknown
840818363,1,26.11.2009,Unknown
841514318,1,16.6.2004,Москва
842590887,1,6.10.2006,Unknown
842958863,1,6.6.2000,Unknown
843848454,1,1.8.2009,Unknown
844020430,1,15.2.1986,Unknown
844441925,1,14.11.1995,Unknown
845424839,1,2.12.2000,Unknown
846125581,1,19.11.2009,Unknown
847929530,1,11.4.2010,Земляная Заимка
851153803,1,1.4.2009,Unknown
852844652,1,12.4.1993,Unknown
853880514,1,22.12.1981,Волгореченск
854397401,1,29.10.2009,Unknown
854638194,1,21.10.2007,Unknown
855373892,1,20.9.2000,Unknown
855692703,1,10.3.2010,Unknown
855866022,1,2.3.2010,Unknown
855948116,2,8.1.1996,Unknown
856290989,1,27.3.1996,Unknown
857862917,2,5.8.1982,Unknown
857977972,1,8.4.2010,Unknown
860759659,1,29.6.2010,Unknown
861682784,2,6.5.2004,Unknown
862417574,1,28.11.2002,Unknown
863128781,1,1.1.1990,Москва
863241141,1,20.11.2005,Unknown
863327354,1,29.12.2009,Unknown
863452819,1,20.7.1991,Unknown
865400617,1,17.5.2001,Unknown
866099967,1,11.12.2000,Unknown
867266345,1,17.1.1986,Unknown
867365635,1,7.12.2000,Unknown
867467733,1,11.3.2007,Unknown
868393575,1,15.11.2003,Unknown
868472393,1,16.3.2004,Unknown
872187206,1,1.3.1981,Unknown
872365715,1,29.10.1989,Unknown
873535993,1,5.1.1995,Unknown
876038991,1,20.12.2001,Unknown
876131234,1,1.9.2010,Unknown
878104542,1,2.12.1990,Unknown
878481273,1,20.5.1974,Unknown
879305662,1,6.7.2000,Unknown
880192560,1,25.1.2006,Unknown
880218440,1,8.6.1989,Unknown
880951649,1,8.8.1989,Unknown
881160771,1,19.3.2009,Unknown
881450163,1,21.8.1989,Кострома
882050613,1,17.9.1987,Unknown
882578773,1,8.2.2004,Unknown
883581062,1,10.9.2001,Unknown
884016545,1,17.4.2006,Unknown
889116023,1,12.4.1993,Unknown
889589312,1,8.8.1998,Unknown
891382478,1,10.12.1990,Unknown
892741836,1,9.3.2002,Unknown
892790609,1,10.10.2007,Unknown
894646754,1,12.12.2002,Красный Сулин
895109383,1,15.6.2003,Unknown
896200651,1,11.2.2001,Unknown
936576875,2,13.11.1998,Unknown
1021137699,1,19.1.2002,Unknown
1022056110,1,14.1.2011,Unknown
1023028937,1,11.11.2000,Москва
1024923869,1,27.9.1995,Unknown
1025128597,1,11.12.2004,Unknown
1025891936,1,28.2.1990,Москва
1029522533,1,6.11.1996,Unknown
1030356347,1,22.7.1999,Unknown
1031477270,1,27.2.1996,Unknown
1031659539,1,4.8.1986,Unknown
1036622619,1,6.2.1991,Unknown
